strike,expiry,mid_price,option_type,bid,ask,volume,openInterest,yf_impliedVol,underlyingPrice,T,r
255.0,2026-03-20,411.725,call,410.07,413.38,,22,1.0000000000000003e-05,689.2999877929688,0.0547945205479452,0.045
295.0,2026-03-20,280.685,call,278.76,282.61,15.0,17,1.0000000000000003e-05,689.2999877929688,0.0547945205479452,0.045
305.0,2026-03-20,384.775,call,383.37,386.18,7.0,8,1.3740265673828125,689.2999877929688,0.0547945205479452,0.045
315.0,2026-03-20,374.79499999999996,call,373.39,376.2,8.0,34,1.3300814746093748,689.2999877929688,0.0547945205479452,0.045
325.0,2026-03-20,364.81500000000005,call,363.41,366.22,10.0,13,1.2876012182617185,689.2999877929688,0.0547945205479452,0.045
340.0,2026-03-20,352.885,call,351.48,354.29,11.0,26,1.652589627685547,689.2999877929688,0.0547945205479452,0.045
345.0,2026-03-20,344.865,call,343.46,346.27,7.0,39,1.2075234936523436,689.2999877929688,0.0547945205479452,0.045
355.0,2026-03-20,334.895,call,333.49,336.3,32.0,15,1.169926025390625,689.2999877929688,0.0547945205479452,0.045
365.0,2026-03-20,324.91499999999996,call,323.51,326.32,17.0,63,1.1298871630859377,689.2999877929688,0.0547945205479452,0.045
385.0,2026-03-20,304.97,call,303.56,306.38,38.0,176,1.0559129235839846,689.2999877929688,0.0547945205479452,0.045
405.0,2026-03-20,285.025,call,283.62,286.43,5.0,428,0.9836427416992188,689.2999877929688,0.0547945205479452,0.045
430.0,2026-03-20,260.095,call,258.69,261.5,700.0,703,0.8959971337890623,689.2999877929688,0.0547945205479452,0.045
475.0,2026-03-20,215.235,call,213.83,216.64,8.0,86,0.7456080126953125,689.2999877929688,0.0547945205479452,0.045
520.0,2026-03-20,170.405,call,169.0,171.81,16.0,315,0.6029092443847659,689.2999877929688,0.0547945205479452,0.045
525.0,2026-03-20,165.425,call,164.02,166.83,16.0,618,0.5872844006347657,689.2999877929688,0.0547945205479452,0.045
535.0,2026-03-20,155.475,call,154.07,156.88,24.0,2087,0.5568891967773439,689.2999877929688,0.0547945205479452,0.045
550.0,2026-03-20,140.565,call,139.16,141.97,61.0,1013,0.5123339782714844,689.2999877929688,0.0547945205479452,0.045
555.0,2026-03-20,135.595,call,134.19,137.0,6.0,231,0.5795940478515625,689.2999877929688,0.0547945205479452,0.045
560.0,2026-03-20,130.625,call,129.22,132.03,5.0,1711,0.5618940295410157,689.2999877929688,0.0547945205479452,0.045
565.0,2026-03-20,125.66,call,124.25,127.07,5.0,597,0.5446212530517578,689.2999877929688,0.0547945205479452,0.045
575.0,2026-03-20,115.745,call,114.34,117.15,19.0,1198,0.5100146655273439,689.2999877929688,0.0547945205479452,0.045
580.0,2026-03-20,110.785,call,109.38,112.19,52.0,3029,0.49255878540039066,689.2999877929688,0.0547945205479452,0.045
585.0,2026-03-20,105.83500000000001,call,104.43,107.24,10.0,1743,0.47559118164062497,689.2999877929688,0.0547945205479452,0.045
595.0,2026-03-20,95.95,call,94.54,97.36,6.0,4412,0.44196114685058596,689.2999877929688,0.0547945205479452,0.045
600.0,2026-03-20,91.155,call,89.89,92.42,51.0,5067,0.4249935430908204,689.2999877929688,0.0547945205479452,0.045
620.0,2026-03-20,71.41499999999999,call,70.01,72.82,11.0,8952,0.3604189935302734,689.2999877929688,0.0547945205479452,0.045
625.0,2026-03-20,66.575,call,65.17,67.98,19.0,3972,0.34528242614746096,689.2999877929688,0.0547945205479452,0.045
628.0,2026-03-20,63.675,call,62.27,65.08,12.0,5,0.3360662097167969,689.2999877929688,0.0547945205479452,0.045
630.0,2026-03-20,61.74,call,60.34,63.14,36.0,7917,0.3296575823974609,689.2999877929688,0.0547945205479452,0.045
640.0,2026-03-20,52.225,call,50.82,53.63,19.0,3153,0.30109341491699215,689.2999877929688,0.0547945205479452,0.045
645.0,2026-03-20,47.535,call,46.13,48.94,5.0,4003,0.28711650390624993,689.2999877929688,0.0547945205479452,0.045
646.0,2026-03-20,46.605000000000004,call,45.2,48.01,5.0,63,0.2844004666137695,689.2999877929688,0.0547945205479452,0.045
650.0,2026-03-20,42.905,call,41.5,44.31,44.0,24799,0.2735058001708984,689.2999877929688,0.0547945205479452,0.045
651.0,2026-03-20,41.985,call,40.58,43.39,134.0,143,0.27075924560546877,689.2999877929688,0.0547945205479452,0.045
652.0,2026-03-20,41.075,call,39.67,42.48,15.0,16,0.26819579467773436,689.2999877929688,0.0547945205479452,0.045
655.0,2026-03-20,38.355000000000004,call,37.92,38.79,7.0,3279,0.24030300720214842,689.2999877929688,0.0547945205479452,0.045
660.0,2026-03-20,33.879999999999995,call,33.47,34.29,72.0,10571,0.2280350634765625,689.2999877929688,0.0547945205479452,0.045
664.0,2026-03-20,30.39,call,29.76,31.02,637.0,654,0.22315229980468748,689.2999877929688,0.0547945205479452,0.045
665.0,2026-03-20,29.509999999999998,call,29.15,29.87,10.0,8851,0.21555349884033204,689.2999877929688,0.0547945205479452,0.045
668.0,2026-03-20,26.955,call,26.38,27.53,6.0,39,0.21262384063720702,689.2999877929688,0.0547945205479452,0.045
670.0,2026-03-20,25.259999999999998,call,24.95,25.57,243.0,20981,0.20319400329589843,689.2999877929688,0.0547945205479452,0.045
675.0,2026-03-20,21.15,call,20.9,21.4,42.0,7100,0.1905598522949219,689.2999877929688,0.0547945205479452,0.045
676.0,2026-03-20,20.365000000000002,call,19.92,20.81,8.0,143,0.19159743957519532,689.2999877929688,0.0547945205479452,0.045
677.0,2026-03-20,19.57,call,19.15,19.99,10.0,750,0.18882036773681643,689.2999877929688,0.0547945205479452,0.045
678.0,2026-03-20,18.785,call,18.38,19.19,57.0,817,0.1862263995361328,689.2999877929688,0.0547945205479452,0.045
679.0,2026-03-20,17.990000000000002,call,17.79,18.19,12.0,1194,0.18042811767578126,689.2999877929688,0.0547945205479452,0.045
680.0,2026-03-20,17.22,call,17.04,17.4,1630.0,14224,0.17777311492919923,689.2999877929688,0.0547945205479452,0.045
681.0,2026-03-20,16.465,call,16.29,16.64,45.0,1736,0.17542328491210937,689.2999877929688,0.0547945205479452,0.045
682.0,2026-03-20,15.705,call,15.56,15.85,318.0,3728,0.1724631094360352,689.2999877929688,0.0547945205479452,0.045
683.0,2026-03-20,14.965,call,14.76,15.17,397.0,2207,0.17099828033447267,689.2999877929688,0.0547945205479452,0.045
684.0,2026-03-20,14.23,call,14.09,14.37,293.0,4023,0.1676108630371094,689.2999877929688,0.0547945205479452,0.045
685.0,2026-03-20,13.515,call,13.38,13.65,3261.0,37966,0.16523051574707032,689.2999877929688,0.0547945205479452,0.045
686.0,2026-03-20,12.785,call,12.67,12.9,734.0,2812,0.16220930572509767,689.2999877929688,0.0547945205479452,0.045
687.0,2026-03-20,12.11,call,12.08,12.14,792.0,3006,0.15888292297363282,689.2999877929688,0.0547945205479452,0.045
688.0,2026-03-20,11.43,call,11.4,11.46,678.0,2847,0.156533092956543,689.2999877929688,0.0547945205479452,0.045
689.0,2026-03-20,10.754999999999999,call,10.73,10.78,1447.0,1925,0.1540001593017578,689.2999877929688,0.0547945205479452,0.045
690.0,2026-03-20,10.100000000000001,call,10.07,10.13,6939.0,33448,0.1516655879211426,689.2999877929688,0.0547945205479452,0.045
691.0,2026-03-20,9.46,call,9.43,9.49,313.0,1756,0.14926998199462893,689.2999877929688,0.0547945205479452,0.045
692.0,2026-03-20,8.83,call,8.8,8.86,1111.0,2541,0.14676756561279297,689.2999877929688,0.0547945205479452,0.045
693.0,2026-03-20,8.225,call,8.2,8.25,637.0,3726,0.14432618377685547,689.2999877929688,0.0547945205479452,0.045
694.0,2026-03-20,7.635,call,7.61,7.66,302.0,2970,0.14191531921386719,689.2999877929688,0.0547945205479452,0.045
695.0,2026-03-20,7.0649999999999995,call,7.04,7.09,2870.0,20298,0.13953497192382813,689.2999877929688,0.0547945205479452,0.045
696.0,2026-03-20,6.515000000000001,call,6.49,6.54,134.0,3472,0.1371851419067383,689.2999877929688,0.0547945205479452,0.045
697.0,2026-03-20,5.984999999999999,call,5.96,6.01,2375.0,4213,0.13483531188964848,689.2999877929688,0.0547945205479452,0.045
698.0,2026-03-20,5.475,call,5.45,5.5,506.0,4742,0.1324549645996094,689.2999877929688,0.0547945205479452,0.045
699.0,2026-03-20,4.994999999999999,call,4.97,5.02,340.0,4601,0.1302577209472656,689.2999877929688,0.0547945205479452,0.045
700.0,2026-03-20,4.525,call,4.51,4.54,12487.0,43814,0.12769427001953126,689.2999877929688,0.0547945205479452,0.045
701.0,2026-03-20,4.09,call,4.07,4.11,539.0,3032,0.12555806091308597,689.2999877929688,0.0547945205479452,0.045
702.0,2026-03-20,3.68,call,3.66,3.7,641.0,4028,0.12342185180664064,689.2999877929688,0.0547945205479452,0.045
703.0,2026-03-20,3.295,call,3.27,3.32,3118.0,3052,0.12140771179199218,689.2999877929688,0.0547945205479452,0.045
704.0,2026-03-20,2.935,call,2.92,2.95,810.0,3045,0.11914943359374999,689.2999877929688,0.0547945205479452,0.045
705.0,2026-03-20,2.5949999999999998,call,2.58,2.61,5041.0,30224,0.11701322448730468,689.2999877929688,0.0547945205479452,0.045
706.0,2026-03-20,2.295,call,2.28,2.31,835.0,10922,0.11521270538330078,689.2999877929688,0.0547945205479452,0.045
707.0,2026-03-20,2.0149999999999997,call,2.0,2.03,1356.0,4861,0.11338166900634765,689.2999877929688,0.0547945205479452,0.045
708.0,2026-03-20,1.76,call,1.75,1.77,690.0,4454,0.1115201153564453,689.2999877929688,0.0547945205479452,0.045
709.0,2026-03-20,1.53,call,1.52,1.54,497.0,2824,0.10981114807128906,689.2999877929688,0.0547945205479452,0.045
710.0,2026-03-20,1.3250000000000002,call,1.31,1.34,3589.0,21708,0.108407353515625,689.2999877929688,0.0547945205479452,0.045
711.0,2026-03-20,1.145,call,1.13,1.16,340.0,2579,0.10700355895996094,689.2999877929688,0.0547945205479452,0.045
712.0,2026-03-20,0.985,call,0.97,1.0,566.0,2671,0.10572183349609374,689.2999877929688,0.0547945205479452,0.045
713.0,2026-03-20,0.85,call,0.84,0.86,398.0,4661,0.10456217712402342,689.2999877929688,0.0547945205479452,0.045
714.0,2026-03-20,0.73,call,0.72,0.74,1202.0,1978,0.10358562438964843,689.2999877929688,0.0547945205479452,0.045
715.0,2026-03-20,0.62,call,0.61,0.63,4278.0,29742,0.10248700256347655,689.2999877929688,0.0547945205479452,0.045
716.0,2026-03-20,0.53,call,0.52,0.54,242.0,2537,0.10169355346679687,689.2999877929688,0.0547945205479452,0.045
717.0,2026-03-20,0.455,call,0.45,0.46,117.0,5073,0.10096113891601563,689.2999877929688,0.0547945205479452,0.045
718.0,2026-03-20,0.39,call,0.38,0.4,154.0,5418,0.10071700073242187,689.2999877929688,0.0547945205479452,0.045
719.0,2026-03-20,0.335,call,0.33,0.34,102.0,2503,0.1001066552734375,689.2999877929688,0.0547945205479452,0.045
720.0,2026-03-20,0.295,call,0.29,0.3,1303.0,34304,0.10022872436523436,689.2999877929688,0.0547945205479452,0.045
721.0,2026-03-20,0.255,call,0.25,0.26,93.0,3233,0.1001066552734375,689.2999877929688,0.0547945205479452,0.045
722.0,2026-03-20,0.22,call,0.21,0.23,77.0,1852,0.10035079345703124,689.2999877929688,0.0547945205479452,0.045
723.0,2026-03-20,0.195,call,0.19,0.2,147.0,1660,0.10035079345703124,689.2999877929688,0.0547945205479452,0.045
724.0,2026-03-20,0.165,call,0.16,0.17,186.0,2712,0.1001066552734375,689.2999877929688,0.0547945205479452,0.045
725.0,2026-03-20,0.155,call,0.15,0.16,888.0,17516,0.10144941528320311,689.2999877929688,0.0547945205479452,0.045
730.0,2026-03-20,0.08499999999999999,call,0.08,0.09,850.0,23862,0.10376872802734374,689.2999877929688,0.0547945205479452,0.045
735.0,2026-03-20,0.065,call,0.06,0.07,166.0,9339,0.11060459716796875,689.2999877929688,0.0547945205479452,0.045
740.0,2026-03-20,0.045,call,0.04,0.05,89.0,14925,0.1157314990234375,689.2999877929688,0.0547945205479452,0.045
745.0,2026-03-20,0.035,call,0.03,0.04,376.0,8168,0.12207909179687501,689.2999877929688,0.0547945205479452,0.045
750.0,2026-03-20,0.025,call,0.02,0.03,327.0,22624,0.127938408203125,689.2999877929688,0.0547945205479452,0.045
755.0,2026-03-20,0.025,call,0.02,0.03,2121.0,11681,0.13672738281250002,689.2999877929688,0.0547945205479452,0.045
760.0,2026-03-20,0.025,call,0.02,0.03,2370.0,13407,0.145516357421875,689.2999877929688,0.0547945205479452,0.045
765.0,2026-03-20,0.015,call,0.01,0.02,9.0,6393,0.148446015625,689.2999877929688,0.0547945205479452,0.045
770.0,2026-03-20,0.015,call,0.01,0.02,538.0,6784,0.1562584375,689.2999877929688,0.0547945205479452,0.045
775.0,2026-03-20,0.015,call,0.01,0.02,12.0,5824,0.16407085937500002,689.2999877929688,0.0547945205479452,0.045
780.0,2026-03-20,0.015,call,0.01,0.02,10.0,19855,0.17188328125000002,689.2999877929688,0.0547945205479452,0.045
800.0,2026-03-20,0.015,call,0.01,0.02,1788.0,26358,0.20313296874999998,689.2999877929688,0.0547945205479452,0.045
805.0,2026-03-20,0.015,call,0.01,0.02,35.0,2417,0.21094539062499998,689.2999877929688,0.0547945205479452,0.045
810.0,2026-03-20,0.005,call,0.0,0.01,100.0,1658,0.20703917968749996,689.2999877929688,0.0547945205479452,0.045
815.0,2026-03-20,0.005,call,0.0,0.01,227.0,5122,0.2148516015625,689.2999877929688,0.0547945205479452,0.045
820.0,2026-03-20,0.005,call,0.0,0.01,1682.0,18233,0.22266402343749997,689.2999877929688,0.0547945205479452,0.045
825.0,2026-03-20,0.005,call,0.0,0.01,24.0,10732,0.22657023437499998,689.2999877929688,0.0547945205479452,0.045
830.0,2026-03-20,0.005,call,0.0,0.01,10.0,2791,0.23438265625,689.2999877929688,0.0547945205479452,0.045
835.0,2026-03-20,0.005,call,0.0,0.01,808.0,2430,0.242195078125,689.2999877929688,0.0547945205479452,0.045
840.0,2026-03-20,0.005,call,0.0,0.01,110.0,2403,0.2500075,689.2999877929688,0.0547945205479452,0.045
845.0,2026-03-20,0.005,call,0.0,0.01,504.0,7958,0.25391371093750004,689.2999877929688,0.0547945205479452,0.045
850.0,2026-03-20,0.005,call,0.0,0.01,5.0,19630,0.2617261328125,689.2999877929688,0.0547945205479452,0.045
860.0,2026-03-20,0.005,call,0.0,0.01,29.0,1554,0.27735097656249996,689.2999877929688,0.0547945205479452,0.045
865.0,2026-03-20,0.005,call,0.0,0.01,55.0,3867,0.28125718749999995,689.2999877929688,0.0547945205479452,0.045
870.0,2026-03-20,0.005,call,0.0,0.01,1456.0,2777,0.2890696093749999,689.2999877929688,0.0547945205479452,0.045
875.0,2026-03-20,0.005,call,0.0,0.01,191.0,4813,0.29688203124999996,689.2999877929688,0.0547945205479452,0.045
880.0,2026-03-20,0.005,call,0.0,0.01,110.0,303,0.3007882421875,689.2999877929688,0.0547945205479452,0.045
890.0,2026-03-20,0.005,call,0.0,0.01,1704.0,7318,0.31250687499999996,689.2999877929688,0.0547945205479452,0.045
895.0,2026-03-20,0.005,call,0.0,0.01,1400.0,4393,0.32031929687499994,689.2999877929688,0.0547945205479452,0.045
900.0,2026-03-20,0.005,call,0.0,0.01,1600.0,7335,0.32813171874999997,689.2999877929688,0.0547945205479452,0.045
905.0,2026-03-20,0.005,call,0.0,0.01,109.0,197,0.3320379296875,689.2999877929688,0.0547945205479452,0.045
910.0,2026-03-20,0.005,call,0.0,0.01,14.0,75,0.3398503515625,689.2999877929688,0.0547945205479452,0.045
915.0,2026-03-20,0.005,call,0.0,0.01,,60,0.3437565625,689.2999877929688,0.0547945205479452,0.045
920.0,2026-03-20,0.005,call,0.0,0.01,,1820,0.35156898437499995,689.2999877929688,0.0547945205479452,0.045
925.0,2026-03-20,0.005,call,0.0,0.01,,633,0.35938140625,689.2999877929688,0.0547945205479452,0.045
930.0,2026-03-20,0.005,call,0.0,0.01,,600,0.3632876171875,689.2999877929688,0.0547945205479452,0.045
935.0,2026-03-20,0.005,call,0.0,0.01,,2222,0.367193828125,689.2999877929688,0.0547945205479452,0.045
940.0,2026-03-20,0.005,call,0.0,0.01,1614.0,5712,0.37500625,689.2999877929688,0.0547945205479452,0.045
945.0,2026-03-20,0.005,call,0.0,0.01,,3525,0.38281867187499996,689.2999877929688,0.0547945205479452,0.045
950.0,2026-03-20,0.005,call,0.0,0.01,,4917,0.38672488281249995,689.2999877929688,0.0547945205479452,0.045
955.0,2026-03-20,0.005,call,0.0,0.01,1833.0,4299,0.39063109375,689.2999877929688,0.0547945205479452,0.045
965.0,2026-03-20,0.005,call,0.0,0.01,1386.0,1789,0.4062559375,689.2999877929688,0.0547945205479452,0.045
985.0,2026-03-20,0.005,call,0.0,0.01,,12,0.42969320312500003,689.2999877929688,0.0547945205479452,0.045
990.0,2026-03-20,0.005,call,0.0,0.01,,12,0.42969320312500003,689.2999877929688,0.0547945205479452,0.045
995.0,2026-03-20,0.005,call,0.0,0.01,,27,0.437505625,689.2999877929688,0.0547945205479452,0.045
1005.0,2026-03-20,0.005,call,0.0,0.01,,500,0.44922425781249997,689.2999877929688,0.0547945205479452,0.045
1010.0,2026-03-20,0.005,call,0.0,0.01,,18000,0.45313046875,689.2999877929688,0.0547945205479452,0.045
1015.0,2026-03-20,0.005,call,0.0,0.01,,750,0.46094289062500005,689.2999877929688,0.0547945205479452,0.045
1020.0,2026-03-20,0.005,call,0.0,0.01,,4014,0.46484910156250003,689.2999877929688,0.0547945205479452,0.045
1025.0,2026-03-20,0.005,call,0.0,0.01,,687,0.4687553125,689.2999877929688,0.0547945205479452,0.045
1030.0,2026-03-20,0.005,call,0.0,0.01,,2178,0.476567734375,689.2999877929688,0.0547945205479452,0.045
1070.0,2026-03-20,0.005,call,0.0,0.01,,6,0.51562984375,689.2999877929688,0.0547945205479452,0.045
1085.0,2026-03-20,0.005,call,0.0,0.01,,31,0.507817421875,689.2999877929688,0.0547945205479452,0.045
1095.0,2026-03-20,0.005,call,0.0,0.01,,5,0.51562984375,689.2999877929688,0.0547945205479452,0.045
1100.0,2026-03-20,0.005,call,0.0,0.01,,94,0.51562984375,689.2999877929688,0.0547945205479452,0.045
245.0,2026-03-20,0.005,put,0.0,0.01,10.0,29892,1.15625421875,689.2999877929688,0.0547945205479452,0.045
255.0,2026-03-20,0.005,put,0.0,0.01,150.0,6023,1.09375453125,689.2999877929688,0.0547945205479452,0.045
260.0,2026-03-20,0.005,put,0.0,0.01,8.0,4633,1.09375453125,689.2999877929688,0.0547945205479452,0.045
265.0,2026-03-20,0.005,put,0.0,0.01,100.0,7826,1.0625046875000002,689.2999877929688,0.0547945205479452,0.045
275.0,2026-03-20,0.005,put,0.0,0.01,50.0,1729,1.0312548437500002,689.2999877929688,0.0547945205479452,0.045
280.0,2026-03-20,0.005,put,0.0,0.01,56.0,14287,1.000005,689.2999877929688,0.0547945205479452,0.045
285.0,2026-03-20,0.005,put,0.0,0.01,39.0,1540,0.98437515625,689.2999877929688,0.0547945205479452,0.045
295.0,2026-03-20,0.005,put,0.0,0.01,395.0,3772,0.937500625,689.2999877929688,0.0547945205479452,0.045
300.0,2026-03-20,0.005,put,0.0,0.01,640.0,8032,0.937500625,689.2999877929688,0.0547945205479452,0.045
305.0,2026-03-20,0.005,put,0.0,0.01,75.0,6858,0.9062509375,689.2999877929688,0.0547945205479452,0.045
320.0,2026-03-20,0.005,put,0.0,0.01,266.0,3822,0.85937640625,689.2999877929688,0.0547945205479452,0.045
325.0,2026-03-20,0.005,put,0.0,0.01,5.0,6362,0.8437515624999999,689.2999877929688,0.0547945205479452,0.045
330.0,2026-03-20,0.005,put,0.0,0.01,31.0,1193,0.8281267187499999,689.2999877929688,0.0547945205479452,0.045
335.0,2026-03-20,0.005,put,0.0,0.01,61.0,1936,0.8125018749999999,689.2999877929688,0.0547945205479452,0.045
340.0,2026-03-20,0.015,put,0.01,0.02,28.0,1852,0.85937640625,689.2999877929688,0.0547945205479452,0.045
345.0,2026-03-20,0.015,put,0.01,0.02,11.0,1288,0.8437515624999999,689.2999877929688,0.0547945205479452,0.045
350.0,2026-03-20,0.015,put,0.01,0.02,121.0,3779,0.8281267187499999,689.2999877929688,0.0547945205479452,0.045
360.0,2026-03-20,0.015,put,0.01,0.02,2254.0,702,0.79687703125,689.2999877929688,0.0547945205479452,0.045
365.0,2026-03-20,0.015,put,0.01,0.02,2242.0,2862,0.7812521875,689.2999877929688,0.0547945205479452,0.045
370.0,2026-03-20,0.015,put,0.01,0.02,184.0,5392,0.7656273437500001,689.2999877929688,0.0547945205479452,0.045
375.0,2026-03-20,0.015,put,0.01,0.02,50.0,6005,0.7500025,689.2999877929688,0.0547945205479452,0.045
395.0,2026-03-20,0.025,put,0.02,0.03,203.0,4709,0.7148466015625,689.2999877929688,0.0547945205479452,0.045
400.0,2026-03-20,0.025,put,0.02,0.03,188.0,22165,0.6992217578125001,689.2999877929688,0.0547945205479452,0.045
410.0,2026-03-20,0.035,put,0.03,0.04,6.0,3374,0.6914093359375001,689.2999877929688,0.0547945205479452,0.045
420.0,2026-03-20,0.035,put,0.03,0.04,72.0,5239,0.6601596484375001,689.2999877929688,0.0547945205479452,0.045
425.0,2026-03-20,0.035,put,0.03,0.04,20.0,7360,0.6445348046875,689.2999877929688,0.0547945205479452,0.045
435.0,2026-03-20,0.045,put,0.04,0.05,29.0,2685,0.6289099609375001,689.2999877929688,0.0547945205479452,0.045
445.0,2026-03-20,0.055,put,0.05,0.06,5.0,1288,0.6113320117187502,689.2999877929688,0.0547945205479452,0.045
450.0,2026-03-20,0.055,put,0.05,0.06,159.0,12763,0.5976602734375001,689.2999877929688,0.0547945205479452,0.045
460.0,2026-03-20,0.065,put,0.06,0.07,106.0,80093,0.57812921875,689.2999877929688,0.0547945205479452,0.045
465.0,2026-03-20,0.07500000000000001,put,0.07,0.08,11.0,2935,0.5722699023437501,689.2999877929688,0.0547945205479452,0.045
470.0,2026-03-20,0.07500000000000001,put,0.07,0.08,83.0,7441,0.5576216113281252,689.2999877929688,0.0547945205479452,0.045
480.0,2026-03-20,0.08499999999999999,put,0.08,0.09,80.0,5692,0.5361374511718751,689.2999877929688,0.0547945205479452,0.045
485.0,2026-03-20,0.095,put,0.09,0.1,255.0,5726,0.5283250292968751,689.2999877929688,0.0547945205479452,0.045
490.0,2026-03-20,0.10500000000000001,put,0.1,0.11,228.0,6319,0.5195360546875,689.2999877929688,0.0547945205479452,0.045
495.0,2026-03-20,0.11499999999999999,put,0.11,0.12,327.0,7416,0.5107470800781251,689.2999877929688,0.0547945205479452,0.045
500.0,2026-03-20,0.125,put,0.12,0.13,427.0,39404,0.5009815527343751,689.2999877929688,0.0547945205479452,0.045
505.0,2026-03-20,0.135,put,0.13,0.14,150.0,4811,0.4931691308593751,689.2999877929688,0.0547945205479452,0.045
510.0,2026-03-20,0.14500000000000002,put,0.14,0.15,75.0,6992,0.48242705078125003,689.2999877929688,0.0547945205479452,0.045
515.0,2026-03-20,0.155,put,0.15,0.16,67.0,9176,0.4721732470703125,689.2999877929688,0.0547945205479452,0.045
520.0,2026-03-20,0.165,put,0.16,0.17,63.0,158709,0.46143116699218756,689.2999877929688,0.0547945205479452,0.045
525.0,2026-03-20,0.175,put,0.17,0.18,181.0,7298,0.450200810546875,689.2999877929688,0.0547945205479452,0.045
530.0,2026-03-20,0.195,put,0.19,0.2,469.0,19398,0.4419001123046875,689.2999877929688,0.0547945205479452,0.045
535.0,2026-03-20,0.20500000000000002,put,0.2,0.21,40.0,6220,0.43066975585937506,689.2999877929688,0.0547945205479452,0.045
540.0,2026-03-20,0.225,put,0.22,0.23,643.0,12899,0.42139250488281255,689.2999877929688,0.0547945205479452,0.045
545.0,2026-03-20,0.245,put,0.24,0.25,341.0,10773,0.4116269775390625,689.2999877929688,0.0547945205479452,0.045
550.0,2026-03-20,0.265,put,0.26,0.27,557.0,34737,0.401373173828125,689.2999877929688,0.0547945205479452,0.045
555.0,2026-03-20,0.28500000000000003,put,0.28,0.29,87.0,6989,0.39111937011718745,689.2999877929688,0.0547945205479452,0.045
560.0,2026-03-20,0.315,put,0.31,0.32,235.0,20977,0.3820862573242187,689.2999877929688,0.0547945205479452,0.045
565.0,2026-03-20,0.335,put,0.33,0.34,435.0,7520,0.37085590087890624,689.2999877929688,0.0547945205479452,0.045
570.0,2026-03-20,0.375,put,0.37,0.38,346.0,10998,0.362311064453125,689.2999877929688,0.0547945205479452,0.045
575.0,2026-03-20,0.405,put,0.4,0.41,140.0,22859,0.35205726074218746,689.2999877929688,0.0547945205479452,0.045
580.0,2026-03-20,0.445,put,0.44,0.45,612.0,94437,0.34229173339843744,689.2999877929688,0.0547945205479452,0.045
585.0,2026-03-20,0.485,put,0.48,0.49,1533.0,18667,0.33228206787109377,689.2999877929688,0.0547945205479452,0.045
590.0,2026-03-20,0.535,put,0.53,0.54,863.0,17432,0.3225165405273437,689.2999877929688,0.0547945205479452,0.045
595.0,2026-03-20,0.595,put,0.59,0.6,295.0,28808,0.31323928955078123,689.2999877929688,0.0547945205479452,0.045
600.0,2026-03-20,0.655,put,0.65,0.66,2212.0,57441,0.30322962402343745,689.2999877929688,0.0547945205479452,0.045
605.0,2026-03-20,0.735,put,0.73,0.74,10480.0,25561,0.2941965112304687,689.2999877929688,0.0547945205479452,0.045
610.0,2026-03-20,0.825,put,0.82,0.83,500.0,36875,0.2849192602539062,689.2999877929688,0.0547945205479452,0.045
611.0,2026-03-20,0.845,put,0.84,0.85,23.0,533,0.2830882238769531,689.2999877929688,0.0547945205479452,0.045
612.0,2026-03-20,0.865,put,0.86,0.87,66.0,966,0.28125718749999995,689.2999877929688,0.0547945205479452,0.045
613.0,2026-03-20,0.89,put,0.88,0.9,54.0,1202,0.28003649658203117,689.2999877929688,0.0547945205479452,0.045
614.0,2026-03-20,0.91,put,0.9,0.92,100.0,1656,0.27808339111328123,689.2999877929688,0.0547945205479452,0.045
615.0,2026-03-20,0.935,put,0.93,0.94,1897.0,33698,0.2761302856445312,689.2999877929688,0.0547945205479452,0.045
616.0,2026-03-20,0.955,put,0.95,0.96,242.0,731,0.2740551110839844,689.2999877929688,0.0547945205479452,0.045
617.0,2026-03-20,0.985,put,0.98,0.99,236.0,1233,0.27259028198242186,689.2999877929688,0.0547945205479452,0.045
618.0,2026-03-20,1.01,put,1.0,1.02,214.0,1502,0.2710033837890625,689.2999877929688,0.0547945205479452,0.045
619.0,2026-03-20,1.0350000000000001,put,1.03,1.04,282.0,1644,0.26892820922851557,689.2999877929688,0.0547945205479452,0.045
620.0,2026-03-20,1.065,put,1.06,1.07,3624.0,58781,0.26734131103515624,689.2999877929688,0.0547945205479452,0.045
621.0,2026-03-20,1.0950000000000002,put,1.09,1.1,83.0,1435,0.26563234375,689.2999877929688,0.0547945205479452,0.045
622.0,2026-03-20,1.125,put,1.12,1.13,751.0,2011,0.26392337646484376,689.2999877929688,0.0547945205479452,0.045
623.0,2026-03-20,1.1549999999999998,put,1.15,1.16,255.0,1689,0.2620923400878906,689.2999877929688,0.0547945205479452,0.045
624.0,2026-03-20,1.19,put,1.18,1.2,174.0,1222,0.260749580078125,689.2999877929688,0.0547945205479452,0.045
625.0,2026-03-20,1.225,put,1.22,1.23,3495.0,37708,0.25891854370117195,689.2999877929688,0.0547945205479452,0.045
626.0,2026-03-20,1.26,put,1.25,1.27,208.0,1118,0.2574537145996094,689.2999877929688,0.0547945205479452,0.045
627.0,2026-03-20,1.295,put,1.29,1.3,500.0,1173,0.255439574584961,689.2999877929688,0.0547945205479452,0.045
628.0,2026-03-20,1.335,put,1.33,1.34,503.0,1128,0.2538526763916016,689.2999877929688,0.0547945205479452,0.045
629.0,2026-03-20,1.37,put,1.36,1.38,209.0,457,0.25220474365234374,689.2999877929688,0.0547945205479452,0.045
630.0,2026-03-20,1.415,put,1.41,1.42,6712.0,38778,0.25049577636718745,689.2999877929688,0.0547945205479452,0.045
631.0,2026-03-20,1.46,put,1.45,1.47,154.0,1078,0.24915301635742187,689.2999877929688,0.0547945205479452,0.045
632.0,2026-03-20,1.5,put,1.49,1.51,131.0,1231,0.24738301452636718,689.2999877929688,0.0547945205479452,0.045
633.0,2026-03-20,1.55,put,1.54,1.56,201.0,959,0.2459181854248047,689.2999877929688,0.0547945205479452,0.045
634.0,2026-03-20,1.6,put,1.59,1.61,249.0,654,0.24433128723144532,689.2999877929688,0.0547945205479452,0.045
635.0,2026-03-20,1.645,put,1.64,1.65,5466.0,18018,0.2423781817626953,689.2999877929688,0.0547945205479452,0.045
636.0,2026-03-20,1.7,put,1.69,1.71,220.0,1499,0.2410354217529297,689.2999877929688,0.0547945205479452,0.045
637.0,2026-03-20,1.75,put,1.74,1.76,478.0,1566,0.2393264544677734,689.2999877929688,0.0547945205479452,0.045
638.0,2026-03-20,1.8050000000000002,put,1.79,1.82,528.0,748,0.23786162536621092,689.2999877929688,0.0547945205479452,0.045
639.0,2026-03-20,1.86,put,1.85,1.87,826.0,2242,0.23596955444335935,689.2999877929688,0.0547945205479452,0.045
640.0,2026-03-20,1.92,put,1.91,1.93,3300.0,53161,0.23438265625,689.2999877929688,0.0547945205479452,0.045
641.0,2026-03-20,1.98,put,1.97,1.99,496.0,1763,0.2327347235107422,689.2999877929688,0.0547945205479452,0.045
642.0,2026-03-20,2.05,put,2.04,2.06,786.0,1325,0.23133092895507812,689.2999877929688,0.0547945205479452,0.045
643.0,2026-03-20,2.115,put,2.11,2.12,584.0,932,0.229499892578125,689.2999877929688,0.0547945205479452,0.045
644.0,2026-03-20,2.185,put,2.18,2.19,623.0,1966,0.22791299438476562,689.2999877929688,0.0547945205479452,0.045
645.0,2026-03-20,2.26,put,2.25,2.27,14464.0,77220,0.22657023437499998,689.2999877929688,0.0547945205479452,0.045
646.0,2026-03-20,2.33,put,2.32,2.34,456.0,1226,0.2248307498168945,689.2999877929688,0.0547945205479452,0.045
647.0,2026-03-20,2.41,put,2.4,2.42,641.0,6014,0.22333540344238278,689.2999877929688,0.0547945205479452,0.045
648.0,2026-03-20,2.49,put,2.48,2.5,588.0,5018,0.22168747070312497,689.2999877929688,0.0547945205479452,0.045
649.0,2026-03-20,2.5700000000000003,put,2.56,2.58,424.0,6486,0.22003953796386716,689.2999877929688,0.0547945205479452,0.045
650.0,2026-03-20,2.66,put,2.65,2.67,8654.0,114024,0.21851367431640623,689.2999877929688,0.0547945205479452,0.045
651.0,2026-03-20,2.75,put,2.74,2.76,24968.0,8794,0.21692677612304687,689.2999877929688,0.0547945205479452,0.045
652.0,2026-03-20,2.84,put,2.83,2.85,30499.0,12469,0.21521780883789063,689.2999877929688,0.0547945205479452,0.045
653.0,2026-03-20,2.9299999999999997,put,2.92,2.94,57324.0,23025,0.2134783242797852,689.2999877929688,0.0547945205479452,0.045
654.0,2026-03-20,3.035,put,3.02,3.05,171.0,5157,0.21210504699707028,689.2999877929688,0.0547945205479452,0.045
655.0,2026-03-20,3.1399999999999997,put,3.13,3.15,55511.0,43439,0.21039607971191404,689.2999877929688,0.0547945205479452,0.045
656.0,2026-03-20,3.245,put,3.23,3.26,139.0,11736,0.20887021606445308,689.2999877929688,0.0547945205479452,0.045
657.0,2026-03-20,3.355,put,3.34,3.37,30570.0,7015,0.20722228332519527,689.2999877929688,0.0547945205479452,0.045
658.0,2026-03-20,3.4699999999999998,put,3.46,3.48,454.0,19965,0.2054522814941406,689.2999877929688,0.0547945205479452,0.045
659.0,2026-03-20,3.585,put,3.57,3.6,30850.0,33124,0.20383486602783202,689.2999877929688,0.0547945205479452,0.045
660.0,2026-03-20,3.71,put,3.7,3.72,8929.0,78395,0.20209538146972655,689.2999877929688,0.0547945205479452,0.045
661.0,2026-03-20,3.835,put,3.82,3.85,242.0,4187,0.20050848327636717,689.2999877929688,0.0547945205479452,0.045
662.0,2026-03-20,3.9699999999999998,put,3.96,3.98,269.0,6660,0.1987689987182617,689.2999877929688,0.0547945205479452,0.045
663.0,2026-03-20,4.105,put,4.09,4.12,462.0,5507,0.19715158325195312,689.2999877929688,0.0547945205479452,0.045
664.0,2026-03-20,4.245,put,4.23,4.26,1080.0,4989,0.19544261596679688,689.2999877929688,0.0547945205479452,0.045
665.0,2026-03-20,4.385,put,4.37,4.4,3884.0,32342,0.19358106231689454,689.2999877929688,0.0547945205479452,0.045
666.0,2026-03-20,4.535,put,4.52,4.55,841.0,2646,0.19184157775878907,689.2999877929688,0.0547945205479452,0.045
667.0,2026-03-20,4.695,put,4.68,4.71,522.0,3560,0.19016312774658206,689.2999877929688,0.0547945205479452,0.045
668.0,2026-03-20,4.855,put,4.84,4.87,440.0,3238,0.18836260864257812,689.2999877929688,0.0547945205479452,0.045
669.0,2026-03-20,5.02,put,5.0,5.04,264.0,3027,0.18662312408447268,689.2999877929688,0.0547945205479452,0.045
670.0,2026-03-20,5.195,put,5.18,5.21,14753.0,73022,0.18479208770751948,689.2999877929688,0.0547945205479452,0.045
671.0,2026-03-20,5.369999999999999,put,5.35,5.39,287.0,2431,0.1829915686035156,689.2999877929688,0.0547945205479452,0.045
672.0,2026-03-20,5.555,put,5.54,5.57,171.0,3649,0.1810689804077148,689.2999877929688,0.0547945205479452,0.045
673.0,2026-03-20,5.745,put,5.73,5.76,206.0,1611,0.17917690948486326,689.2999877929688,0.0547945205479452,0.045
674.0,2026-03-20,5.945,put,5.93,5.96,216.0,2385,0.17734587310791017,689.2999877929688,0.0547945205479452,0.045
675.0,2026-03-20,6.15,put,6.13,6.17,4787.0,80374,0.17551483673095702,689.2999877929688,0.0547945205479452,0.045
676.0,2026-03-20,6.359999999999999,put,6.34,6.38,224.0,1395,0.17356173126220703,689.2999877929688,0.0547945205479452,0.045
677.0,2026-03-20,6.58,put,6.56,6.6,195.0,6481,0.17163914306640626,689.2999877929688,0.0547945205479452,0.045
678.0,2026-03-20,6.8100000000000005,put,6.79,6.83,507.0,3457,0.1697165548706055,689.2999877929688,0.0547945205479452,0.045
679.0,2026-03-20,7.045,put,7.03,7.06,69.0,1764,0.1676413803100586,689.2999877929688,0.0547945205479452,0.045
680.0,2026-03-20,7.295,put,7.28,7.31,13451.0,52386,0.16571879211425783,689.2999877929688,0.0547945205479452,0.045
681.0,2026-03-20,7.545,put,7.53,7.56,286.0,2079,0.16364361755371098,689.2999877929688,0.0547945205479452,0.045
682.0,2026-03-20,7.8100000000000005,put,7.79,7.83,1381.0,3593,0.16169051208496094,689.2999877929688,0.0547945205479452,0.045
683.0,2026-03-20,8.08,put,8.06,8.1,486.0,2886,0.1595848202514648,689.2999877929688,0.0547945205479452,0.045
684.0,2026-03-20,8.370000000000001,put,8.35,8.39,570.0,3986,0.15760119750976562,689.2999877929688,0.0547945205479452,0.045
685.0,2026-03-20,8.67,put,8.65,8.69,9372.0,39014,0.15555654022216797,689.2999877929688,0.0547945205479452,0.045
686.0,2026-03-20,8.98,put,8.96,9.0,1847.0,5622,0.15351188293457033,689.2999877929688,0.0547945205479452,0.045
687.0,2026-03-20,9.3,put,9.28,9.32,3130.0,10539,0.15137567382812503,689.2999877929688,0.0547945205479452,0.045
688.0,2026-03-20,9.629999999999999,put,9.61,9.65,1949.0,12021,0.14920894744873048,689.2999877929688,0.0547945205479452,0.045
689.0,2026-03-20,9.985,put,9.96,10.01,2995.0,3353,0.14725584197998048,689.2999877929688,0.0547945205479452,0.045
690.0,2026-03-20,10.35,put,10.33,10.37,8208.0,32252,0.14505859832763673,689.2999877929688,0.0547945205479452,0.045
691.0,2026-03-20,10.73,put,10.71,10.75,879.0,2383,0.14295290649414064,689.2999877929688,0.0547945205479452,0.045
692.0,2026-03-20,11.125,put,11.1,11.15,630.0,4341,0.14087773193359376,689.2999877929688,0.0547945205479452,0.045
693.0,2026-03-20,11.565000000000001,put,11.46,11.67,600.0,4605,0.14029790374755857,689.2999877929688,0.0547945205479452,0.045
694.0,2026-03-20,12.2,put,11.65,12.75,528.0,3389,0.14771360107421877,689.2999877929688,0.0547945205479452,0.045
695.0,2026-03-20,12.934999999999999,put,12.1,13.77,642.0,14067,0.15412222839355472,689.2999877929688,0.0547945205479452,0.045
696.0,2026-03-20,13.395,put,12.54,14.25,14.0,3533,0.15235222656250003,689.2999877929688,0.0547945205479452,0.045
697.0,2026-03-20,13.405000000000001,put,12.06,14.75,556.0,3093,0.15061274200439456,689.2999877929688,0.0547945205479452,0.045
698.0,2026-03-20,13.915,put,12.57,15.26,47.0,4108,0.14878170562744142,689.2999877929688,0.0547945205479452,0.045
699.0,2026-03-20,14.925,put,14.05,15.8,7.0,2450,0.1471642901611328,689.2999877929688,0.0547945205479452,0.045
700.0,2026-03-20,15.02,put,13.67,16.37,549.0,8229,0.1457299783325195,689.2999877929688,0.0547945205479452,0.045
701.0,2026-03-20,15.605,put,14.25,16.96,40.0,269,0.1443567010498047,689.2999877929688,0.0547945205479452,0.045
705.0,2026-03-20,18.195,put,16.79,19.6,80.0,5249,0.14069462829589846,689.2999877929688,0.0547945205479452,0.045
706.0,2026-03-20,18.91,put,17.51,20.31,7.0,18,0.1399622137451172,689.2999877929688,0.0547945205479452,0.045
707.0,2026-03-20,19.65,put,18.25,21.05,5.0,42,0.1395044546508789,689.2999877929688,0.0547945205479452,0.045
708.0,2026-03-20,20.415,put,19.01,21.82,5.0,1619,0.13938238555908206,689.2999877929688,0.0547945205479452,0.045
709.0,2026-03-20,21.205,put,19.8,22.61,11.0,139,0.13941290283203128,689.2999877929688,0.0547945205479452,0.045
710.0,2026-03-20,22.015,put,20.61,23.42,228.0,5463,0.13959600646972659,689.2999877929688,0.0547945205479452,0.045
713.0,2026-03-20,24.575000000000003,put,23.17,25.98,6.0,29,0.1417627328491211,689.2999877929688,0.0547945205479452,0.045
715.0,2026-03-20,26.365000000000002,put,24.96,27.77,32.0,1590,0.1442346319580078,689.2999877929688,0.0547945205479452,0.045
716.0,2026-03-20,27.285,put,25.88,28.69,7.0,10,0.1458825646972656,689.2999877929688,0.0547945205479452,0.045
717.0,2026-03-20,28.215,put,26.81,29.62,12.0,17,0.14768308380126954,689.2999877929688,0.0547945205479452,0.045
718.0,2026-03-20,29.155,put,27.75,30.56,5.0,9,0.14963618927001954,689.2999877929688,0.0547945205479452,0.045
720.0,2026-03-20,31.485,put,30.5,32.47,80.0,3583,0.15412222839355472,689.2999877929688,0.0547945205479452,0.045
724.0,2026-03-20,34.955,put,33.55,36.36,,9,0.16425396301269532,689.2999877929688,0.0547945205479452,0.045
725.0,2026-03-20,35.955,put,34.55,37.36,8.0,25,0.16748879394531252,689.2999877929688,0.0547945205479452,0.045
730.0,2026-03-20,40.955,put,39.55,42.36,7.0,10,0.18335777587890623,689.2999877929688,0.0547945205479452,0.045
800.0,2026-03-20,110.955,put,109.55,112.36,103.0,11,0.37366348999023435,689.2999877929688,0.0547945205479452,0.045
580.0,2026-03-27,110.935,call,109.53,112.34,,5,0.43671217590332034,689.2999877929688,0.07397260273972603,0.045
605.0,2026-03-27,86.365,call,84.96,87.77,7.0,26,0.3657900335693359,689.2999877929688,0.07397260273972603,0.045
613.0,2026-03-27,78.575,call,77.17,79.98,,5,0.3441227697753906,689.2999877929688,0.07397260273972603,0.045
614.0,2026-03-27,77.605,call,76.2,79.01,,15,0.3414372497558594,689.2999877929688,0.07397260273972603,0.045
615.0,2026-03-27,76.63,call,75.23,78.03,10.0,144,0.33850759155273435,689.2999877929688,0.07397260273972603,0.045
625.0,2026-03-27,67.005,call,65.6,68.41,22.0,365,0.312934116821289,689.2999877929688,0.07397260273972603,0.045
626.0,2026-03-27,66.05000000000001,call,64.65,67.45,502.0,204,0.3103096313476562,689.2999877929688,0.07397260273972603,0.045
628.0,2026-03-27,64.145,call,62.74,65.55,292.0,144,0.30548790222167965,689.2999877929688,0.07397260273972603,0.045
631.0,2026-03-27,61.295,call,59.89,62.7,508.0,252,0.2980722048950195,689.2999877929688,0.07397260273972603,0.045
635.0,2026-03-27,57.515,call,56.11,58.92,15.0,473,0.28827616027832026,689.2999877929688,0.07397260273972603,0.045
640.0,2026-03-27,52.835,call,51.43,54.24,15.0,690,0.2763133892822265,689.2999877929688,0.07397260273972603,0.045
641.0,2026-03-27,51.905,call,50.5,53.31,24.0,24,0.2739635592651367,689.2999877929688,0.07397260273972603,0.045
644.0,2026-03-27,49.129999999999995,call,47.73,50.53,25.0,25,0.2668530346679688,689.2999877929688,0.07397260273972603,0.045
645.0,2026-03-27,48.205,call,46.8,49.61,6.0,198,0.2645642391967773,689.2999877929688,0.07397260273972603,0.045
654.0,2026-03-27,40.055,call,39.33,40.78,101.0,50,0.23230748168945312,689.2999877929688,0.07397260273972603,0.045
658.0,2026-03-27,36.51,call,35.83,37.19,5.0,11,0.2231828170776367,689.2999877929688,0.07397260273972603,0.045
659.0,2026-03-27,35.635,call,34.97,36.3,5.0,5,0.22089402160644528,689.2999877929688,0.07397260273972603,0.045
660.0,2026-03-27,34.76,call,34.11,35.41,14.0,26,0.21854419158935545,689.2999877929688,0.07397260273972603,0.045
665.0,2026-03-27,30.455,call,29.87,31.04,9.0,44,0.20719176605224604,689.2999877929688,0.07397260273972603,0.045
670.0,2026-03-27,26.275,call,25.76,26.79,53.0,85,0.1959614096069336,689.2999877929688,0.07397260273972603,0.045
673.0,2026-03-27,23.83,call,23.37,24.29,9.0,20,0.18903398864746096,689.2999877929688,0.07397260273972603,0.045
675.0,2026-03-27,22.275,call,22.09,22.46,36.0,51,0.18169458450317383,689.2999877929688,0.07397260273972603,0.045
676.0,2026-03-27,21.445,call,21.04,21.85,8.0,21,0.1821370849609375,689.2999877929688,0.07397260273972603,0.045
679.0,2026-03-27,19.125,call,18.77,19.48,21.0,107,0.1753012158203125,689.2999877929688,0.07397260273972603,0.045
680.0,2026-03-27,18.415,call,18.24,18.59,63.0,129,0.1714865567016602,689.2999877929688,0.07397260273972603,0.045
681.0,2026-03-27,17.619999999999997,call,17.31,17.93,14.0,538,0.17063207305908207,689.2999877929688,0.07397260273972603,0.045
682.0,2026-03-27,16.880000000000003,call,16.57,17.19,33.0,769,0.16855689849853522,689.2999877929688,0.07397260273972603,0.045
683.0,2026-03-27,16.145,call,15.84,16.45,14.0,256,0.16639017211914067,689.2999877929688,0.07397260273972603,0.045
684.0,2026-03-27,15.43,call,15.13,15.73,47.0,643,0.16431499755859375,689.2999877929688,0.07397260273972603,0.045
685.0,2026-03-27,14.704999999999998,call,14.62,14.79,1582.0,2179,0.15931016479492188,689.2999877929688,0.07397260273972603,0.045
686.0,2026-03-27,14.02,call,13.73,14.31,194.0,311,0.16007309661865232,689.2999877929688,0.07397260273972603,0.045
687.0,2026-03-27,13.33,call,13.3,13.36,187.0,706,0.15467153930664065,689.2999877929688,0.07397260273972603,0.045
688.0,2026-03-27,12.649999999999999,call,12.62,12.68,562.0,677,0.15256584747314456,689.2999877929688,0.07397260273972603,0.045
689.0,2026-03-27,11.99,call,11.96,12.02,668.0,346,0.1505517074584961,689.2999877929688,0.07397260273972603,0.045
690.0,2026-03-27,11.34,call,11.31,11.37,1782.0,1298,0.14850705017089844,689.2999877929688,0.07397260273972603,0.045
691.0,2026-03-27,10.705,call,10.68,10.73,443.0,406,0.14643187561035154,689.2999877929688,0.07397260273972603,0.045
692.0,2026-03-27,10.085,call,10.06,10.11,696.0,1255,0.14441773559570312,689.2999877929688,0.07397260273972603,0.045
693.0,2026-03-27,9.485,call,9.46,9.51,181.0,338,0.14246463012695312,689.2999877929688,0.07397260273972603,0.045
694.0,2026-03-27,8.89,call,8.87,8.91,59.0,1182,0.1403284210205078,689.2999877929688,0.07397260273972603,0.045
695.0,2026-03-27,8.325,call,8.3,8.35,536.0,497,0.1384973846435547,689.2999877929688,0.07397260273972603,0.045
696.0,2026-03-27,7.765000000000001,call,7.74,7.79,99.0,152,0.13645272735595704,689.2999877929688,0.07397260273972603,0.045
697.0,2026-03-27,7.23,call,7.21,7.25,69.0,95,0.1344385873413086,689.2999877929688,0.07397260273972603,0.045
698.0,2026-03-27,6.715,call,6.69,6.74,113.0,254,0.1326075509643555,689.2999877929688,0.07397260273972603,0.045
699.0,2026-03-27,6.215,call,6.19,6.24,282.0,240,0.13068496276855468,689.2999877929688,0.07397260273972603,0.045
700.0,2026-03-27,5.734999999999999,call,5.71,5.76,431.0,1034,0.1287623745727539,689.2999877929688,0.07397260273972603,0.045
701.0,2026-03-27,5.279999999999999,call,5.26,5.3,209.0,726,0.12687030364990232,689.2999877929688,0.07397260273972603,0.045
702.0,2026-03-27,4.84,call,4.82,4.86,219.0,375,0.12500875,689.2999877929688,0.07397260273972603,0.045
703.0,2026-03-27,4.43,call,4.41,4.45,315.0,622,0.12326926544189454,689.2999877929688,0.07397260273972603,0.045
704.0,2026-03-27,4.035,call,4.02,4.05,196.0,8499,0.12140771179199218,689.2999877929688,0.07397260273972603,0.045
705.0,2026-03-27,3.665,call,3.65,3.68,503.0,1214,0.11969874450683593,689.2999877929688,0.07397260273972603,0.045
706.0,2026-03-27,3.315,call,3.3,3.33,291.0,9171,0.11798977722167968,689.2999877929688,0.07397260273972603,0.045
707.0,2026-03-27,2.99,call,2.98,3.0,365.0,905,0.11631132720947265,689.2999877929688,0.07397260273972603,0.045
708.0,2026-03-27,2.685,call,2.67,2.7,446.0,1517,0.11478546356201172,689.2999877929688,0.07397260273972603,0.045
709.0,2026-03-27,2.4050000000000002,call,2.39,2.42,125.0,599,0.1132901171875,689.2999877929688,0.07397260273972603,0.045
710.0,2026-03-27,2.1500000000000004,call,2.14,2.16,2076.0,2530,0.11182528808593749,689.2999877929688,0.07397260273972603,0.045
711.0,2026-03-27,1.915,call,1.9,1.93,342.0,705,0.11060459716796875,689.2999877929688,0.07397260273972603,0.045
712.0,2026-03-27,1.7,call,1.69,1.71,485.0,707,0.10920080261230468,689.2999877929688,0.07397260273972603,0.045
713.0,2026-03-27,1.51,call,1.5,1.52,246.0,636,0.10813269805908202,689.2999877929688,0.07397260273972603,0.045
714.0,2026-03-27,1.33,call,1.32,1.34,139.0,205,0.1069425244140625,689.2999877929688,0.07397260273972603,0.045
715.0,2026-03-27,1.1749999999999998,call,1.17,1.18,835.0,1709,0.10584390258789061,689.2999877929688,0.07397260273972603,0.045
716.0,2026-03-27,1.0350000000000001,call,1.03,1.04,856.0,265,0.10492838439941406,689.2999877929688,0.07397260273972603,0.045
717.0,2026-03-27,0.91,call,0.9,0.92,137.0,146,0.10425700439453123,689.2999877929688,0.07397260273972603,0.045
718.0,2026-03-27,0.795,call,0.79,0.8,105.0,462,0.10321941711425779,689.2999877929688,0.07397260273972603,0.045
719.0,2026-03-27,0.705,call,0.7,0.71,526.0,243,0.10279217529296875,689.2999877929688,0.07397260273972603,0.045
720.0,2026-03-27,0.615,call,0.61,0.62,471.0,1283,0.10205976074218749,689.2999877929688,0.07397260273972603,0.045
721.0,2026-03-27,0.545,call,0.54,0.55,86.0,186,0.10181562255859375,689.2999877929688,0.07397260273972603,0.045
722.0,2026-03-27,0.475,call,0.47,0.48,5.0,367,0.1012663116455078,689.2999877929688,0.07397260273972603,0.045
723.0,2026-03-27,0.425,call,0.42,0.43,22.0,425,0.10132734619140624,689.2999877929688,0.07397260273972603,0.045
724.0,2026-03-27,0.375,call,0.37,0.38,134.0,65,0.1010832080078125,689.2999877929688,0.07397260273972603,0.045
725.0,2026-03-27,0.335,call,0.33,0.34,599.0,967,0.10120527709960936,689.2999877929688,0.07397260273972603,0.045
726.0,2026-03-27,0.295,call,0.29,0.3,5.0,53,0.1010832080078125,689.2999877929688,0.07397260273972603,0.045
727.0,2026-03-27,0.265,call,0.26,0.27,14.0,54,0.10132734619140624,689.2999877929688,0.07397260273972603,0.045
728.0,2026-03-27,0.235,call,0.23,0.24,7.0,58,0.10132734619140624,689.2999877929688,0.07397260273972603,0.045
729.0,2026-03-27,0.215,call,0.21,0.22,10.0,28,0.10193769165039063,689.2999877929688,0.07397260273972603,0.045
730.0,2026-03-27,0.195,call,0.19,0.2,243.0,4631,0.10242596801757811,689.2999877929688,0.07397260273972603,0.045
735.0,2026-03-27,0.125,call,0.12,0.13,46.0,3534,0.1054776953125,689.2999877929688,0.07397260273972603,0.045
740.0,2026-03-27,0.08499999999999999,call,0.08,0.09,8.0,769,0.10913976806640624,689.2999877929688,0.07397260273972603,0.045
745.0,2026-03-27,0.065,call,0.06,0.07,24.0,672,0.11426666992187501,689.2999877929688,0.07397260273972603,0.045
750.0,2026-03-27,0.045,call,0.04,0.05,10.0,468,0.118172880859375,689.2999877929688,0.07397260273972603,0.045
760.0,2026-03-27,0.035,call,0.03,0.04,5.0,951,0.13086806640624998,689.2999877929688,0.07397260273972603,0.045
785.0,2026-03-27,0.015,call,0.01,0.02,12.0,15,0.15821154296875,689.2999877929688,0.07397260273972603,0.045
795.0,2026-03-27,0.015,call,0.01,0.02,113.0,1001,0.17188328125000002,689.2999877929688,0.07397260273972603,0.045
800.0,2026-03-27,0.015,call,0.01,0.02,408.0,2821,0.178719150390625,689.2999877929688,0.07397260273972603,0.045
805.0,2026-03-27,0.015,call,0.01,0.02,1415.0,1609,0.18555501953124998,689.2999877929688,0.07397260273972603,0.045
810.0,2026-03-27,0.015,call,0.01,0.02,1043.0,1027,0.1914143359375,689.2999877929688,0.07397260273972603,0.045
850.0,2026-03-27,0.005,call,0.0,0.01,10.0,10,0.2304764453125,689.2999877929688,0.07397260273972603,0.045
885.0,2026-03-27,0.005,call,0.0,0.01,,8,0.2695385546875,689.2999877929688,0.07397260273972603,0.045
890.0,2026-03-27,0.005,call,0.0,0.01,,8,0.273444765625,689.2999877929688,0.07397260273972603,0.045
895.0,2026-03-27,0.005,call,0.0,0.01,1546.0,1546,0.28125718749999995,689.2999877929688,0.07397260273972603,0.045
900.0,2026-03-27,0.005,call,0.0,0.01,494.0,501,0.28516339843749994,689.2999877929688,0.07397260273972603,0.045
500.0,2026-03-27,0.215,put,0.21,0.22,487.0,902,0.4682670361328125,689.2999877929688,0.07397260273972603,0.045
510.0,2026-03-27,0.245,put,0.24,0.25,57.0,58,0.4497125341796875,689.2999877929688,0.07397260273972603,0.045
525.0,2026-03-27,0.305,put,0.3,0.31,8.0,398,0.42236905761718746,689.2999877929688,0.07397260273972603,0.045
550.0,2026-03-27,0.445,put,0.44,0.45,49.0,638,0.37793590820312495,689.2999877929688,0.07397260273972603,0.045
555.0,2026-03-27,0.475,put,0.47,0.48,5.0,186,0.36817038085937503,689.2999877929688,0.07397260273972603,0.045
565.0,2026-03-27,0.555,put,0.55,0.56,8.0,433,0.3502262243652343,689.2999877929688,0.07397260273972603,0.045
570.0,2026-03-27,0.605,put,0.6,0.61,27.0,718,0.3415593188476562,689.2999877929688,0.07397260273972603,0.045
580.0,2026-03-27,0.72,put,0.71,0.73,225.0,1392,0.32471378417968744,689.2999877929688,0.07397260273972603,0.045
585.0,2026-03-27,0.785,put,0.78,0.79,17.0,236,0.3154365332031249,689.2999877929688,0.07397260273972603,0.045
590.0,2026-03-27,0.865,put,0.86,0.87,51.0,339,0.30713583496093744,689.2999877929688,0.07397260273972603,0.045
595.0,2026-03-27,0.955,put,0.95,0.96,300.0,612,0.29871306762695304,689.2999877929688,0.07397260273972603,0.045
600.0,2026-03-27,1.05,put,1.04,1.06,213.0,1497,0.2903513348388671,689.2999877929688,0.07397260273972603,0.045
605.0,2026-03-27,1.165,put,1.16,1.17,16.0,3615,0.28174546386718746,689.2999877929688,0.07397260273972603,0.045
610.0,2026-03-27,1.3,put,1.29,1.31,90.0,4811,0.2739330419921875,689.2999877929688,0.07397260273972603,0.045
611.0,2026-03-27,1.33,put,1.32,1.34,15.0,266,0.27234614379882804,689.2999877929688,0.07397260273972603,0.045
612.0,2026-03-27,1.36,put,1.35,1.37,9.0,156,0.27069821105957037,689.2999877929688,0.07397260273972603,0.045
614.0,2026-03-27,1.43,put,1.42,1.44,19.0,113,0.2677685528564453,689.2999877929688,0.07397260273972603,0.045
615.0,2026-03-27,1.46,put,1.45,1.47,173.0,7919,0.26605958557128906,689.2999877929688,0.07397260273972603,0.045
616.0,2026-03-27,1.5,put,1.49,1.51,5.0,71,0.264655791015625,689.2999877929688,0.07397260273972603,0.045
617.0,2026-03-27,1.53,put,1.52,1.54,34.0,71,0.2628857891845704,689.2999877929688,0.07397260273972603,0.045
618.0,2026-03-27,1.57,put,1.56,1.58,9.0,22,0.26148199462890626,689.2999877929688,0.07397260273972603,0.045
619.0,2026-03-27,1.61,put,1.6,1.62,8.0,45,0.2599561309814453,689.2999877929688,0.07397260273972603,0.045
620.0,2026-03-27,1.65,put,1.64,1.66,270.0,9127,0.25843026733398444,689.2999877929688,0.07397260273972603,0.045
621.0,2026-03-27,1.69,put,1.68,1.7,25.0,151,0.256843369140625,689.2999877929688,0.07397260273972603,0.045
622.0,2026-03-27,1.73,put,1.72,1.74,6.0,117,0.25525647094726567,689.2999877929688,0.07397260273972603,0.045
623.0,2026-03-27,1.775,put,1.76,1.79,116.0,83,0.25391371093750004,689.2999877929688,0.07397260273972603,0.045
624.0,2026-03-27,1.82,put,1.81,1.83,6.0,60,0.25220474365234374,689.2999877929688,0.07397260273972603,0.045
625.0,2026-03-27,1.865,put,1.85,1.88,225.0,445,0.2508009490966796,689.2999877929688,0.07397260273972603,0.045
627.0,2026-03-27,1.96,put,1.95,1.97,302.0,130,0.2475661181640625,689.2999877929688,0.07397260273972603,0.045
629.0,2026-03-27,2.065,put,2.05,2.08,41.0,96,0.24469749450683598,689.2999877929688,0.07397260273972603,0.045
630.0,2026-03-27,2.12,put,2.11,2.13,299.0,1118,0.2430495617675781,689.2999877929688,0.07397260273972603,0.045
631.0,2026-03-27,2.175,put,2.16,2.19,14.0,191,0.2417068017578125,689.2999877929688,0.07397260273972603,0.045
632.0,2026-03-27,2.2350000000000003,put,2.22,2.25,62.0,182,0.24024197265624997,689.2999877929688,0.07397260273972603,0.045
633.0,2026-03-27,2.295,put,2.28,2.31,90.0,162,0.23871610900878903,689.2999877929688,0.07397260273972603,0.045
634.0,2026-03-27,2.355,put,2.34,2.37,77.0,698,0.2371902453613281,689.2999877929688,0.07397260273972603,0.045
635.0,2026-03-27,2.42,put,2.41,2.43,378.0,584,0.2356033471679687,689.2999877929688,0.07397260273972603,0.045
636.0,2026-03-27,2.4850000000000003,put,2.47,2.5,52.0,156,0.23419955261230468,689.2999877929688,0.07397260273972603,0.045
637.0,2026-03-27,2.55,put,2.54,2.56,78.0,744,0.23249058532714845,689.2999877929688,0.07397260273972603,0.045
638.0,2026-03-27,2.62,put,2.61,2.63,59.0,61,0.23102575622558597,689.2999877929688,0.07397260273972603,0.045
639.0,2026-03-27,2.6950000000000003,put,2.68,2.71,70.0,178,0.22974403076171873,689.2999877929688,0.07397260273972603,0.045
640.0,2026-03-27,2.7649999999999997,put,2.75,2.78,418.0,1727,0.22809609802246095,689.2999877929688,0.07397260273972603,0.045
641.0,2026-03-27,2.8449999999999998,put,2.83,2.86,59.0,216,0.22669230346679686,689.2999877929688,0.07397260273972603,0.045
642.0,2026-03-27,2.92,put,2.91,2.93,92.0,155,0.2249833361816406,689.2999877929688,0.07397260273972603,0.045
643.0,2026-03-27,3.005,put,2.99,3.02,146.0,102,0.2237016107177734,689.2999877929688,0.07397260273972603,0.045
644.0,2026-03-27,3.085,put,3.07,3.1,145.0,184,0.22208419525146478,689.2999877929688,0.07397260273972603,0.045
645.0,2026-03-27,3.17,put,3.16,3.18,683.0,550,0.22040574523925777,689.2999877929688,0.07397260273972603,0.045
646.0,2026-03-27,3.26,put,3.25,3.27,69.0,227,0.21894091613769529,689.2999877929688,0.07397260273972603,0.045
647.0,2026-03-27,3.355,put,3.34,3.37,151.0,198,0.21759815612792968,689.2999877929688,0.07397260273972603,0.045
648.0,2026-03-27,3.4450000000000003,put,3.43,3.46,122.0,309,0.2159807406616211,689.2999877929688,0.07397260273972603,0.045
649.0,2026-03-27,3.545,put,3.53,3.56,167.0,223,0.21448539428710936,689.2999877929688,0.07397260273972603,0.045
650.0,2026-03-27,3.645,put,3.63,3.66,941.0,1754,0.21295953063964845,689.2999877929688,0.07397260273972603,0.045
651.0,2026-03-27,3.75,put,3.73,3.77,70.0,132,0.21155573608398434,689.2999877929688,0.07397260273972603,0.045
652.0,2026-03-27,3.855,put,3.84,3.87,117.0,111,0.2098772860717773,689.2999877929688,0.07397260273972603,0.045
653.0,2026-03-27,3.965,put,3.95,3.98,24.0,210,0.20832090515136714,689.2999877929688,0.07397260273972603,0.045
654.0,2026-03-27,4.08,put,4.06,4.1,31.0,256,0.20691711059570309,689.2999877929688,0.07397260273972603,0.045
655.0,2026-03-27,4.195,put,4.18,4.21,378.0,665,0.20520814331054685,689.2999877929688,0.07397260273972603,0.045
656.0,2026-03-27,4.3149999999999995,put,4.3,4.33,540.0,151,0.20365176239013671,689.2999877929688,0.07397260273972603,0.045
657.0,2026-03-27,4.445,put,4.43,4.46,230.0,166,0.20218693328857418,689.2999877929688,0.07397260273972603,0.045
658.0,2026-03-27,4.57,put,4.55,4.59,558.0,548,0.20063055236816402,689.2999877929688,0.07397260273972603,0.045
659.0,2026-03-27,4.705,put,4.69,4.72,58.0,82,0.19901313690185546,689.2999877929688,0.07397260273972603,0.045
660.0,2026-03-27,4.835,put,4.82,4.85,421.0,1545,0.19733468688964845,689.2999877929688,0.07397260273972603,0.045
661.0,2026-03-27,4.975,put,4.96,4.99,15.0,103,0.19571727142333983,689.2999877929688,0.07397260273972603,0.045
662.0,2026-03-27,5.119999999999999,put,5.1,5.14,47.0,108,0.1941914077758789,689.2999877929688,0.07397260273972603,0.045
663.0,2026-03-27,5.27,put,5.25,5.29,27.0,134,0.1926045095825195,689.2999877929688,0.07397260273972603,0.045
664.0,2026-03-27,5.42,put,5.4,5.44,70.0,120,0.1909260595703125,689.2999877929688,0.07397260273972603,0.045
665.0,2026-03-27,5.58,put,5.56,5.6,572.0,736,0.18930864410400394,689.2999877929688,0.07397260273972603,0.045
666.0,2026-03-27,5.74,put,5.72,5.76,57.0,122,0.18759967681884765,689.2999877929688,0.07397260273972603,0.045
667.0,2026-03-27,5.91,put,5.89,5.93,72.0,192,0.18598226135253904,689.2999877929688,0.07397260273972603,0.045
668.0,2026-03-27,6.085,put,6.07,6.1,220.0,181,0.18424277679443357,689.2999877929688,0.07397260273972603,0.045
669.0,2026-03-27,6.26,put,6.24,6.28,55.0,282,0.1825948440551758,689.2999877929688,0.07397260273972603,0.045
670.0,2026-03-27,6.449999999999999,put,6.43,6.47,752.0,1038,0.18097742858886717,689.2999877929688,0.07397260273972603,0.045
671.0,2026-03-27,6.640000000000001,put,6.62,6.66,39.0,274,0.17926846130371094,689.2999877929688,0.07397260273972603,0.045
672.0,2026-03-27,6.84,put,6.82,6.86,50.0,215,0.17759001129150392,689.2999877929688,0.07397260273972603,0.045
673.0,2026-03-27,7.039999999999999,put,7.02,7.06,245.0,307,0.17583526809692385,689.2999877929688,0.07397260273972603,0.045
674.0,2026-03-27,7.25,put,7.23,7.27,129.0,243,0.174111042175293,689.2999877929688,0.07397260273972603,0.045
675.0,2026-03-27,7.460000000000001,put,7.44,7.48,22632.0,6264,0.17228000579833985,689.2999877929688,0.07397260273972603,0.045
676.0,2026-03-27,7.6850000000000005,put,7.66,7.71,20.0,284,0.17060155578613284,689.2999877929688,0.07397260273972603,0.045
677.0,2026-03-27,7.92,put,7.9,7.94,46.0,443,0.16883155395507815,689.2999877929688,0.07397260273972603,0.045
678.0,2026-03-27,8.155000000000001,put,8.13,8.18,107.0,2126,0.16706155212402346,689.2999877929688,0.07397260273972603,0.045
679.0,2026-03-27,8.405000000000001,put,8.38,8.43,19.0,400,0.165322067565918,689.2999877929688,0.07397260273972603,0.045
680.0,2026-03-27,8.66,put,8.64,8.68,1889.0,1624,0.16346051391601565,689.2999877929688,0.07397260273972603,0.045
681.0,2026-03-27,8.92,put,8.9,8.94,287.0,655,0.16159896026611326,689.2999877929688,0.07397260273972603,0.045
682.0,2026-03-27,9.195,put,9.17,9.22,145.0,747,0.1598594757080078,689.2999877929688,0.07397260273972603,0.045
683.0,2026-03-27,9.475,put,9.45,9.5,126.0,969,0.15799792205810548,689.2999877929688,0.07397260273972603,0.045
684.0,2026-03-27,9.77,put,9.75,9.79,95.0,703,0.15613636840820314,689.2999877929688,0.07397260273972603,0.045
685.0,2026-03-27,10.075,put,10.05,10.1,3054.0,1875,0.15436636657714847,689.2999877929688,0.07397260273972603,0.045
686.0,2026-03-27,10.385,put,10.36,10.41,176.0,542,0.1524742956542969,689.2999877929688,0.07397260273972603,0.045
687.0,2026-03-27,10.71,put,10.68,10.74,270.0,634,0.15067377655029301,689.2999877929688,0.07397260273972603,0.045
688.0,2026-03-27,11.045,put,11.02,11.07,656.0,613,0.14869015380859374,689.2999877929688,0.07397260273972603,0.045
689.0,2026-03-27,11.395,put,11.37,11.42,311.0,346,0.14682860015869142,689.2999877929688,0.07397260273972603,0.045
690.0,2026-03-27,11.765,put,11.74,11.79,1337.0,1329,0.1450280810546875,689.2999877929688,0.07397260273972603,0.045
691.0,2026-03-27,12.14,put,12.11,12.17,247.0,823,0.1431970446777344,689.2999877929688,0.07397260273972603,0.045
692.0,2026-03-27,12.530000000000001,put,12.5,12.56,239.0,378,0.14130497375488282,689.2999877929688,0.07397260273972603,0.045
693.0,2026-03-27,12.935,put,12.91,12.96,609.0,746,0.13935186828613283,689.2999877929688,0.07397260273972603,0.045
694.0,2026-03-27,13.440000000000001,put,13.07,13.81,130.0,530,0.14295290649414064,689.2999877929688,0.07397260273972603,0.045
695.0,2026-03-27,14.325,put,13.5,15.15,96.0,269,0.15274895111083986,689.2999877929688,0.07397260273972603,0.045
696.0,2026-03-27,14.71,put,13.81,15.61,26.0,150,0.15107050109863285,689.2999877929688,0.07397260273972603,0.045
698.0,2026-03-27,15.29,put,14.88,15.7,6.0,14,0.13614755462646483,689.2999877929688,0.07397260273972603,0.045
700.0,2026-03-27,16.775,put,15.9,17.65,76.0,541,0.1450280810546875,689.2999877929688,0.07397260273972603,0.045
702.0,2026-03-27,17.43,put,16.08,18.78,13.0,301,0.1422815264892578,689.2999877929688,0.07397260273972603,0.045
704.0,2026-03-27,18.645,put,17.25,20.04,13.0,14,0.14048100738525393,689.2999877929688,0.07397260273972603,0.045
710.0,2026-03-27,22.825000000000003,put,21.42,24.23,26.0,416,0.13620858917236328,689.2999877929688,0.07397260273972603,0.045
715.0,2026-03-27,26.884999999999998,put,25.48,28.29,10.0,12,0.1366968655395508,689.2999877929688,0.07397260273972603,0.045
360.0,2026-03-31,329.91499999999996,call,328.51,331.32,11.0,14,0.9477544287109375,689.2999877929688,0.08493150684931507,0.045
375.0,2026-03-31,314.95500000000004,call,313.55,316.36,44.0,13,0.9008798974609374,689.2999877929688,0.08493150684931507,0.045
405.0,2026-03-31,285.03499999999997,call,283.63,286.44,84.0,91,0.8105487695312499,689.2999877929688,0.08493150684931507,0.045
450.0,2026-03-31,240.185,call,238.78,241.59,5.0,13,0.684573466796875,689.2999877929688,0.08493150684931507,0.045
460.0,2026-03-31,230.215,call,228.81,231.62,28.0,28,0.6567417138671876,689.2999877929688,0.08493150684931507,0.045
470.0,2026-03-31,220.255,call,218.85,221.66,5.0,12,0.6303747900390625,689.2999877929688,0.08493150684931507,0.045
475.0,2026-03-31,215.275,call,213.87,216.68,7.0,46,0.6171913281250001,689.2999877929688,0.08493150684931507,0.045
480.0,2026-03-31,210.295,call,208.89,211.7,20.0,42,0.6040078662109377,689.2999877929688,0.08493150684931507,0.045
511.0,2026-03-31,175.48000000000002,call,173.81,177.15,50.0,297,1.0000000000000003e-05,689.2999877929688,0.08493150684931507,0.045
513.0,2026-03-31,177.455,call,176.05,178.86,100.0,102,0.5200243310546875,689.2999877929688,0.08493150684931507,0.045
533.0,2026-03-31,110.275,call,109.89,110.66,8.0,9,1.0000000000000003e-05,689.2999877929688,0.08493150684931507,0.045
540.0,2026-03-31,150.625,call,149.22,152.03,10.0,87,0.5257005438232423,689.2999877929688,0.08493150684931507,0.045
555.0,2026-03-31,135.755,call,134.35,137.16,5.0,41,0.48303739624023445,689.2999877929688,0.08493150684931507,0.045
557.0,2026-03-31,140.94,call,139.18,142.7,10.0,7,0.6450230810546875,689.2999877929688,0.08493150684931507,0.045
564.0,2026-03-31,126.845,call,125.44,128.25,10.0,28,0.4577690942382813,689.2999877929688,0.08493150684931507,0.045
570.0,2026-03-31,120.905,call,119.5,122.31,10.0,1133,0.44086252502441403,689.2999877929688,0.08493150684931507,0.045
571.0,2026-03-31,109.615,call,108.24,110.99,10.0,5,1.0000000000000003e-05,689.2999877929688,0.08493150684931507,0.045
578.0,2026-03-31,113.015,call,111.61,114.42,7.0,247,0.41925629577636714,689.2999877929688,0.08493150684931507,0.045
581.0,2026-03-31,114.825,call,113.42,116.23,10.0,78,0.5039722454833984,689.2999877929688,0.08493150684931507,0.045
585.0,2026-03-31,106.115,call,104.71,107.52,5.0,144,0.4002135174560547,689.2999877929688,0.08493150684931507,0.045
590.0,2026-03-31,101.205,call,99.8,102.61,19.0,140,0.3870300555419921,689.2999877929688,0.08493150684931507,0.045
600.0,2026-03-31,91.41499999999999,call,90.01,92.82,6.0,608,0.3610903735351562,689.2999877929688,0.08493150684931507,0.045
629.0,2026-03-31,63.474999999999994,call,62.07,64.88,5.0,6,0.2906565075683593,689.2999877929688,0.08493150684931507,0.045
630.0,2026-03-31,62.53,call,61.13,63.93,51.0,2797,0.28827616027832026,689.2999877929688,0.08493150684931507,0.045
635.0,2026-03-31,57.83,call,56.43,59.23,54.0,1494,0.2770152865600586,689.2999877929688,0.08493150684931507,0.045
637.0,2026-03-31,55.965,call,54.56,57.37,7.0,7,0.2727123510742187,689.2999877929688,0.08493150684931507,0.045
639.0,2026-03-31,54.11,call,52.71,55.51,8.0,22,0.2682568292236328,689.2999877929688,0.08493150684931507,0.045
640.0,2026-03-31,53.185,call,51.78,54.59,15.0,3715,0.26618165466308596,689.2999877929688,0.08493150684931507,0.045
641.0,2026-03-31,52.26,call,50.86,53.66,47.0,50,0.26389285919189454,689.2999877929688,0.08493150684931507,0.045
650.0,2026-03-31,44.03,call,43.57,44.49,414.0,2140,0.22809609802246095,689.2999877929688,0.08493150684931507,0.045
656.0,2026-03-31,38.71,call,38.03,39.39,11.0,17,0.2205583316040039,689.2999877929688,0.08493150684931507,0.045
657.0,2026-03-31,37.83,call,37.16,38.5,5.0,10,0.21845263977050777,689.2999877929688,0.08493150684931507,0.045
660.0,2026-03-31,35.225,call,34.59,35.86,5.0,1211,0.21219659881591796,689.2999877929688,0.08493150684931507,0.045
661.0,2026-03-31,34.36,call,33.74,34.98,10.0,12,0.21002987243652343,689.2999877929688,0.08493150684931507,0.045
664.0,2026-03-31,31.8,call,31.22,32.38,16.0,20,0.20371279693603517,689.2999877929688,0.08493150684931507,0.045
670.0,2026-03-31,26.84,call,26.38,27.3,15.0,1916,0.19104812866210938,689.2999877929688,0.08493150684931507,0.045
671.0,2026-03-31,26.009999999999998,call,25.55,26.47,6.0,110,0.18891191955566405,689.2999877929688,0.08493150684931507,0.045
677.0,2026-03-31,21.240000000000002,call,20.87,21.61,12.0,124,0.17604888900756838,689.2999877929688,0.08493150684931507,0.045
679.0,2026-03-31,19.705,call,19.37,20.04,12.0,342,0.1716849189758301,689.2999877929688,0.08493150684931507,0.045
680.0,2026-03-31,18.945,call,18.87,19.02,610.0,6325,0.16643594802856448,689.2999877929688,0.08493150684931507,0.045
682.0,2026-03-31,17.475,call,17.36,17.59,27.0,1597,0.1632468930053711,689.2999877929688,0.08493150684931507,0.045
683.0,2026-03-31,16.765,call,16.64,16.89,42.0,1319,0.1616447361755371,689.2999877929688,0.08493150684931507,0.045
684.0,2026-03-31,16.044999999999998,call,15.76,16.33,266.0,1548,0.16162947753906248,689.2999877929688,0.08493150684931507,0.045
685.0,2026-03-31,15.315000000000001,call,15.24,15.39,978.0,3671,0.156884041595459,689.2999877929688,0.08493150684931507,0.045
686.0,2026-03-31,14.629999999999999,call,14.37,14.89,240.0,1026,0.15732654205322266,689.2999877929688,0.08493150684931507,0.045
687.0,2026-03-31,13.955,call,13.93,13.98,359.0,658,0.15270317520141607,689.2999877929688,0.08493150684931507,0.045
688.0,2026-03-31,13.285,call,13.26,13.31,772.0,569,0.1508263629150391,689.2999877929688,0.08493150684931507,0.045
689.0,2026-03-31,12.625,call,12.6,12.65,1068.0,1019,0.1489342919921875,689.2999877929688,0.08493150684931507,0.045
690.0,2026-03-31,11.98,call,11.96,12.0,1057.0,5714,0.14701170379638673,689.2999877929688,0.08493150684931507,0.045
691.0,2026-03-31,11.344999999999999,call,11.32,11.37,596.0,1342,0.14518066741943358,689.2999877929688,0.08493150684931507,0.045
692.0,2026-03-31,10.725,call,10.7,10.75,469.0,1537,0.14328859649658204,689.2999877929688,0.08493150684931507,0.045
693.0,2026-03-31,10.125,call,10.1,10.15,199.0,717,0.14148807739257813,689.2999877929688,0.08493150684931507,0.045
694.0,2026-03-31,9.535,call,9.51,9.56,116.0,1149,0.1396265237426758,689.2999877929688,0.08493150684931507,0.045
695.0,2026-03-31,8.955,call,8.94,8.97,450.0,3225,0.13759712509155275,689.2999877929688,0.08493150684931507,0.045
696.0,2026-03-31,8.4,call,8.38,8.42,148.0,791,0.1358576405334473,689.2999877929688,0.08493150684931507,0.045
697.0,2026-03-31,7.859999999999999,call,7.84,7.88,79.0,687,0.13405712142944337,689.2999877929688,0.08493150684931507,0.045
698.0,2026-03-31,7.34,call,7.32,7.36,109.0,348,0.1323023782348633,689.2999877929688,0.08493150684931507,0.045
699.0,2026-03-31,6.83,call,6.81,6.85,163.0,477,0.13047134185791015,689.2999877929688,0.08493150684931507,0.045
700.0,2026-03-31,6.345000000000001,call,6.33,6.36,1444.0,4225,0.12867082275390623,689.2999877929688,0.08493150684931507,0.045
701.0,2026-03-31,5.880000000000001,call,5.86,5.9,74.0,912,0.12702289001464845,689.2999877929688,0.08493150684931507,0.045
702.0,2026-03-31,5.43,call,5.41,5.45,163.0,355,0.12528340545654298,689.2999877929688,0.08493150684931507,0.045
703.0,2026-03-31,4.995,call,4.98,5.01,437.0,455,0.12343711044311526,689.2999877929688,0.08493150684931507,0.045
704.0,2026-03-31,4.595000000000001,call,4.58,4.61,553.0,670,0.1218959881591797,689.2999877929688,0.08493150684931507,0.045
705.0,2026-03-31,4.205,call,4.19,4.22,1806.0,4055,0.12021753814697264,689.2999877929688,0.08493150684931507,0.045
706.0,2026-03-31,3.835,call,3.82,3.85,1852.0,1969,0.11856960540771484,689.2999877929688,0.08493150684931507,0.045
707.0,2026-03-31,3.495,call,3.48,3.51,1146.0,1099,0.11710477630615235,689.2999877929688,0.08493150684931507,0.045
708.0,2026-03-31,3.17,call,3.16,3.18,623.0,847,0.11551787811279299,689.2999877929688,0.08493150684931507,0.045
709.0,2026-03-31,2.865,call,2.85,2.88,293.0,660,0.11408356628417969,689.2999877929688,0.08493150684931507,0.045
710.0,2026-03-31,2.58,call,2.57,2.59,3493.0,5673,0.11255770263671874,689.2999877929688,0.08493150684931507,0.045
711.0,2026-03-31,2.325,call,2.31,2.34,679.0,1296,0.11139804626464843,689.2999877929688,0.08493150684931507,0.045
712.0,2026-03-31,2.09,call,2.08,2.1,4144.0,1239,0.11011632080078124,689.2999877929688,0.08493150684931507,0.045
713.0,2026-03-31,1.87,call,1.86,1.88,262.0,22495,0.1088956298828125,689.2999877929688,0.08493150684931507,0.045
714.0,2026-03-31,1.67,call,1.66,1.68,131.0,2073,0.10779700805664064,689.2999877929688,0.08493150684931507,0.045
715.0,2026-03-31,1.49,call,1.48,1.5,481.0,5200,0.10678993804931641,689.2999877929688,0.08493150684931507,0.045
716.0,2026-03-31,1.3250000000000002,call,1.31,1.34,112.0,331,0.10590493713378905,689.2999877929688,0.08493150684931507,0.045
717.0,2026-03-31,1.18,call,1.17,1.19,163.0,585,0.1049894189453125,689.2999877929688,0.08493150684931507,0.045
718.0,2026-03-31,1.045,call,1.04,1.05,553.0,776,0.10401286621093749,689.2999877929688,0.08493150684931507,0.045
719.0,2026-03-31,0.925,call,0.92,0.93,24.0,503,0.10321941711425779,689.2999877929688,0.08493150684931507,0.045
720.0,2026-03-31,0.8200000000000001,call,0.81,0.83,934.0,4738,0.10279217529296875,689.2999877929688,0.08493150684931507,0.045
721.0,2026-03-31,0.725,call,0.72,0.73,97.0,484,0.10199872619628905,689.2999877929688,0.08493150684931507,0.045
722.0,2026-03-31,0.645,call,0.64,0.65,54.0,610,0.10163251892089843,689.2999877929688,0.08493150684931507,0.045
723.0,2026-03-31,0.575,call,0.57,0.58,31.0,594,0.10132734619140624,689.2999877929688,0.08493150684931507,0.045
724.0,2026-03-31,0.505,call,0.5,0.51,23.0,1403,0.10083906982421875,689.2999877929688,0.08493150684931507,0.045
725.0,2026-03-31,0.455,call,0.45,0.46,156.0,4702,0.10083906982421875,689.2999877929688,0.08493150684931507,0.045
728.0,2026-03-31,0.325,call,0.32,0.33,312.0,1219,0.10071700073242187,689.2999877929688,0.08493150684931507,0.045
730.0,2026-03-31,0.265,call,0.26,0.27,429.0,7131,0.10120527709960936,689.2999877929688,0.08493150684931507,0.045
732.0,2026-03-31,0.215,call,0.21,0.22,214.0,749,0.10157148437499999,689.2999877929688,0.08493150684931507,0.045
733.0,2026-03-31,0.195,call,0.19,0.2,17.0,720,0.10193769165039063,689.2999877929688,0.08493150684931507,0.045
734.0,2026-03-31,0.185,call,0.18,0.19,30.0,267,0.10291424438476562,689.2999877929688,0.08493150684931507,0.045
735.0,2026-03-31,0.165,call,0.16,0.17,79.0,2116,0.10303631347656249,689.2999877929688,0.08493150684931507,0.045
740.0,2026-03-31,0.11499999999999999,call,0.11,0.12,61.0,5734,0.10669838623046876,689.2999877929688,0.08493150684931507,0.045
743.0,2026-03-31,0.095,call,0.09,0.1,5.0,302,0.10913976806640624,689.2999877929688,0.08493150684931507,0.045
745.0,2026-03-31,0.08499999999999999,call,0.08,0.09,70.0,4267,0.11084873535156249,689.2999877929688,0.08493150684931507,0.045
746.0,2026-03-31,0.07500000000000001,call,0.07,0.08,18.0,503,0.11084873535156249,689.2999877929688,0.08493150684931507,0.045
747.0,2026-03-31,0.07500000000000001,call,0.07,0.08,6.0,519,0.11255770263671874,689.2999877929688,0.08493150684931507,0.045
748.0,2026-03-31,0.065,call,0.06,0.07,41.0,348,0.11231356445312499,689.2999877929688,0.08493150684931507,0.045
750.0,2026-03-31,0.065,call,0.06,0.07,502.0,3595,0.11548736083984376,689.2999877929688,0.08493150684931507,0.045
755.0,2026-03-31,0.055,call,0.05,0.06,43.0,3268,0.1211025390625,689.2999877929688,0.08493150684931507,0.045
760.0,2026-03-31,0.045,call,0.04,0.05,11.0,2361,0.125985302734375,689.2999877929688,0.08493150684931507,0.045
770.0,2026-03-31,0.035,call,0.03,0.04,50.0,5416,0.13770393554687502,689.2999877929688,0.08493150684931507,0.045
780.0,2026-03-31,0.025,call,0.02,0.03,12.0,5158,0.147469462890625,689.2999877929688,0.08493150684931507,0.045
785.0,2026-03-31,0.025,call,0.02,0.03,20.0,2242,0.15430533203125002,689.2999877929688,0.08493150684931507,0.045
790.0,2026-03-31,0.015,call,0.01,0.02,21.0,5322,0.15430533203125002,689.2999877929688,0.08493150684931507,0.045
795.0,2026-03-31,0.015,call,0.01,0.02,86.0,2855,0.161141201171875,689.2999877929688,0.08493150684931507,0.045
800.0,2026-03-31,0.015,call,0.01,0.02,20.0,11628,0.16797707031250003,689.2999877929688,0.08493150684931507,0.045
810.0,2026-03-31,0.015,call,0.01,0.02,3311.0,3503,0.179695703125,689.2999877929688,0.08493150684931507,0.045
820.0,2026-03-31,0.015,call,0.01,0.02,5783.0,5793,0.19336744140625,689.2999877929688,0.08493150684931507,0.045
830.0,2026-03-31,0.015,call,0.01,0.02,12.0,39,0.20508607421874997,689.2999877929688,0.08493150684931507,0.045
835.0,2026-03-31,0.01,call,0.0,0.02,853.0,857,0.21094539062499998,689.2999877929688,0.08493150684931507,0.045
845.0,2026-03-31,0.01,call,0.0,0.02,16.0,16,0.22266402343749997,689.2999877929688,0.08493150684931507,0.045
850.0,2026-03-31,0.01,call,0.0,0.02,1073.0,1084,0.22852333984375,689.2999877929688,0.08493150684931507,0.045
855.0,2026-03-31,0.01,call,0.0,0.02,210.0,429,0.23438265625,689.2999877929688,0.08493150684931507,0.045
860.0,2026-03-31,0.005,call,0.0,0.01,284.0,2007,0.22657023437499998,689.2999877929688,0.08493150684931507,0.045
870.0,2026-03-31,0.005,call,0.0,0.01,1713.0,1664,0.23828886718749998,689.2999877929688,0.08493150684931507,0.045
875.0,2026-03-31,0.005,call,0.0,0.01,71.0,39,0.242195078125,689.2999877929688,0.08493150684931507,0.045
885.0,2026-03-31,0.005,call,0.0,0.01,508.0,459,0.25391371093750004,689.2999877929688,0.08493150684931507,0.045
890.0,2026-03-31,0.005,call,0.0,0.01,110.0,214,0.257819921875,689.2999877929688,0.08493150684931507,0.045
895.0,2026-03-31,0.005,call,0.0,0.01,1745.0,1772,0.26563234375,689.2999877929688,0.08493150684931507,0.045
900.0,2026-03-31,0.005,call,0.0,0.01,273.0,2222,0.2695385546875,689.2999877929688,0.08493150684931507,0.045
345.0,2026-03-31,0.035,put,0.03,0.04,501.0,8708,0.7421900781249999,689.2999877929688,0.08493150684931507,0.045
360.0,2026-03-31,0.04,put,0.03,0.05,153.0,2141,0.7070341796875,689.2999877929688,0.08493150684931507,0.045
365.0,2026-03-31,0.045,put,0.04,0.05,50.0,782,0.70117486328125,689.2999877929688,0.08493150684931507,0.045
370.0,2026-03-31,0.045,put,0.04,0.05,319.0,411,0.6875031250000001,689.2999877929688,0.08493150684931507,0.045
375.0,2026-03-31,0.045,put,0.04,0.05,62.0,982,0.6718782812500002,689.2999877929688,0.08493150684931507,0.045
385.0,2026-03-31,0.055,put,0.05,0.06,10.0,563,0.6562534375000001,689.2999877929688,0.08493150684931507,0.045
390.0,2026-03-31,0.055,put,0.05,0.06,137.0,644,0.6445348046875,689.2999877929688,0.08493150684931507,0.045
395.0,2026-03-31,0.065,put,0.06,0.07,5.0,777,0.64062859375,689.2999877929688,0.08493150684931507,0.045
400.0,2026-03-31,0.065,put,0.06,0.07,28.0,15761,0.6269568554687501,689.2999877929688,0.08493150684931507,0.045
410.0,2026-03-31,0.07500000000000001,put,0.07,0.08,20.0,1397,0.6074258007812501,689.2999877929688,0.08493150684931507,0.045
425.0,2026-03-31,0.095,put,0.09,0.1,23.0,648,0.5820354296875,689.2999877929688,0.08493150684931507,0.045
450.0,2026-03-31,0.135,put,0.13,0.14,51.0,1676,0.5380905566406251,689.2999877929688,0.08493150684931507,0.045
455.0,2026-03-31,0.14500000000000002,put,0.14,0.15,16.0,385,0.5293015820312501,689.2999877929688,0.08493150684931507,0.045
465.0,2026-03-31,0.165,put,0.16,0.17,7.0,716,0.5117236328125,689.2999877929688,0.08493150684931507,0.045
470.0,2026-03-31,0.175,put,0.17,0.18,19.0,1107,0.5019581054687501,689.2999877929688,0.08493150684931507,0.045
475.0,2026-03-31,0.185,put,0.18,0.19,80.0,1246,0.49414568359375005,689.2999877929688,0.08493150684931507,0.045
480.0,2026-03-31,0.195,put,0.19,0.2,240.0,76308,0.48438015625,689.2999877929688,0.08493150684931507,0.045
485.0,2026-03-31,0.215,put,0.21,0.22,8.0,1571,0.477544287109375,689.2999877929688,0.08493150684931507,0.045
490.0,2026-03-31,0.225,put,0.22,0.23,37.0,75992,0.4672904833984375,689.2999877929688,0.08493150684931507,0.045
495.0,2026-03-31,0.245,put,0.24,0.25,6.0,799,0.4594780615234375,689.2999877929688,0.08493150684931507,0.045
500.0,2026-03-31,0.255,put,0.25,0.26,150.0,8484,0.44922425781249997,689.2999877929688,0.08493150684931507,0.045
504.0,2026-03-31,0.275,put,0.27,0.28,5.0,630,0.44336494140625,689.2999877929688,0.08493150684931507,0.045
505.0,2026-03-31,0.275,put,0.27,0.28,75.0,977,0.4409235595703125,689.2999877929688,0.08493150684931507,0.045
506.0,2026-03-31,0.28500000000000003,put,0.28,0.29,29.0,483,0.44043528320312497,689.2999877929688,0.08493150684931507,0.045
511.0,2026-03-31,0.3,put,0.29,0.31,39.0,361,0.43164630859375,689.2999877929688,0.08493150684931507,0.045
513.0,2026-03-31,0.305,put,0.3,0.31,5.0,905,0.42676354492187507,689.2999877929688,0.08493150684931507,0.045
514.0,2026-03-31,0.315,put,0.31,0.32,229.0,1427,0.42578699218750005,689.2999877929688,0.08493150684931507,0.045
515.0,2026-03-31,0.315,put,0.31,0.32,46.0,2775,0.4233456103515625,689.2999877929688,0.08493150684931507,0.045
516.0,2026-03-31,0.325,put,0.32,0.33,31.0,236,0.4226131958007812,689.2999877929688,0.08493150684931507,0.045
518.0,2026-03-31,0.335,put,0.33,0.34,196.0,459,0.4194393994140625,689.2999877929688,0.08493150684931507,0.045
519.0,2026-03-31,0.335,put,0.33,0.34,10.0,1009,0.4167538793945312,689.2999877929688,0.08493150684931507,0.045
521.0,2026-03-31,0.345,put,0.34,0.35,201.0,540,0.41358008300781246,689.2999877929688,0.08493150684931507,0.045
523.0,2026-03-31,0.355,put,0.35,0.36,8.0,873,0.4101621484375,689.2999877929688,0.08493150684931507,0.045
526.0,2026-03-31,0.375,put,0.37,0.38,44.0,236,0.40552352294921873,689.2999877929688,0.08493150684931507,0.045
528.0,2026-03-31,0.385,put,0.38,0.39,29.0,327,0.4018614501953125,689.2999877929688,0.08493150684931507,0.045
529.0,2026-03-31,0.385,put,0.38,0.39,100.0,462,0.39942006835937505,689.2999877929688,0.08493150684931507,0.045
532.0,2026-03-31,0.405,put,0.4,0.41,50.0,202,0.3947814428710938,689.2999877929688,0.08493150684931507,0.045
533.0,2026-03-31,0.415,put,0.41,0.42,99.0,625,0.393560751953125,689.2999877929688,0.08493150684931507,0.045
534.0,2026-03-31,0.415,put,0.41,0.42,49.0,539,0.39111937011718745,689.2999877929688,0.08493150684931507,0.045
535.0,2026-03-31,0.425,put,0.42,0.43,169.0,827,0.3898986791992188,689.2999877929688,0.08493150684931507,0.045
536.0,2026-03-31,0.425,put,0.42,0.43,250.0,517,0.3874572973632812,689.2999877929688,0.08493150684931507,0.045
538.0,2026-03-31,0.44,put,0.43,0.45,12.0,249,0.3850159155273437,689.2999877929688,0.08493150684931507,0.045
540.0,2026-03-31,0.455,put,0.45,0.46,19.0,151278,0.3811097045898437,689.2999877929688,0.08493150684931507,0.045
541.0,2026-03-31,0.45999999999999996,put,0.45,0.47,307.0,807,0.379889013671875,689.2999877929688,0.08493150684931507,0.045
544.0,2026-03-31,0.485,put,0.48,0.49,160.0,548,0.3745179736328125,689.2999877929688,0.08493150684931507,0.045
545.0,2026-03-31,0.49,put,0.48,0.5,32.0,19118,0.37317521362304684,689.2999877929688,0.08493150684931507,0.045
546.0,2026-03-31,0.495,put,0.49,0.5,7.0,2852,0.3706117626953125,689.2999877929688,0.08493150684931507,0.045
548.0,2026-03-31,0.515,put,0.51,0.52,26.0,433,0.36780417358398443,689.2999877929688,0.08493150684931507,0.045
549.0,2026-03-31,0.515,put,0.51,0.52,29.0,485,0.36524072265625,689.2999877929688,0.08493150684931507,0.045
550.0,2026-03-31,0.525,put,0.52,0.53,18.0,4376,0.36377589355468753,689.2999877929688,0.08493150684931507,0.045
551.0,2026-03-31,0.535,put,0.53,0.54,16.0,267,0.362311064453125,689.2999877929688,0.08493150684931507,0.045
553.0,2026-03-31,0.555,put,0.55,0.56,509.0,808,0.35925933715820313,689.2999877929688,0.08493150684931507,0.045
554.0,2026-03-31,0.56,put,0.55,0.57,30.0,318,0.35767243896484374,689.2999877929688,0.08493150684931507,0.045
555.0,2026-03-31,0.565,put,0.56,0.57,48.0,1418,0.3552310571289062,689.2999877929688,0.08493150684931507,0.045
556.0,2026-03-31,0.575,put,0.57,0.58,43.0,203,0.3536441589355468,689.2999877929688,0.08493150684931507,0.045
560.0,2026-03-31,0.615,put,0.61,0.62,50.0,2554,0.34717449707031245,689.2999877929688,0.08493150684931507,0.045
563.0,2026-03-31,0.645,put,0.64,0.65,51.0,251,0.3421696643066406,689.2999877929688,0.08493150684931507,0.045
564.0,2026-03-31,0.655,put,0.65,0.66,56.0,316,0.3404606970214844,689.2999877929688,0.08493150684931507,0.045
565.0,2026-03-31,0.665,put,0.66,0.67,14.0,550,0.33875172973632806,689.2999877929688,0.08493150684931507,0.045
566.0,2026-03-31,0.675,put,0.67,0.68,90.0,491,0.336920693359375,689.2999877929688,0.08493150684931507,0.045
567.0,2026-03-31,0.685,put,0.68,0.69,148.0,304,0.33521172607421873,689.2999877929688,0.08493150684931507,0.045
568.0,2026-03-31,0.695,put,0.69,0.7,33.0,251,0.33350275878906255,689.2999877929688,0.08493150684931507,0.045
570.0,2026-03-31,0.725,put,0.72,0.73,18.0,1501,0.3306951696777344,689.2999877929688,0.08493150684931507,0.045
571.0,2026-03-31,0.735,put,0.73,0.74,99.0,229,0.3288641333007812,689.2999877929688,0.08493150684931507,0.045
572.0,2026-03-31,0.745,put,0.74,0.75,170.0,795,0.3270330969238281,689.2999877929688,0.08493150684931507,0.045
573.0,2026-03-31,0.755,put,0.75,0.76,9.0,352,0.32520206054687495,689.2999877929688,0.08493150684931507,0.045
574.0,2026-03-31,0.77,put,0.76,0.78,77.0,2373,0.324103438720703,689.2999877929688,0.08493150684931507,0.045
575.0,2026-03-31,0.785,put,0.78,0.79,130.0,3632,0.3221503332519531,689.2999877929688,0.08493150684931507,0.045
576.0,2026-03-31,0.795,put,0.79,0.8,284.0,722,0.32031929687499994,689.2999877929688,0.08493150684931507,0.045
577.0,2026-03-31,0.81,put,0.8,0.82,242.0,2560,0.31909860595703116,689.2999877929688,0.08493150684931507,0.045
579.0,2026-03-31,0.845,put,0.84,0.85,367.0,613,0.31592480957031244,689.2999877929688,0.08493150684931507,0.045
580.0,2026-03-31,0.855,put,0.85,0.86,270.0,81145,0.3139717041015625,689.2999877929688,0.08493150684931507,0.045
582.0,2026-03-31,0.885,put,0.88,0.89,280.0,407,0.3106758386230468,689.2999877929688,0.08493150684931507,0.045
583.0,2026-03-31,0.9,put,0.89,0.91,157.0,360,0.30933307861328124,689.2999877929688,0.08493150684931507,0.045
585.0,2026-03-31,0.935,put,0.93,0.94,72.0,3109,0.30591514404296877,689.2999877929688,0.08493150684931507,0.045
586.0,2026-03-31,0.95,put,0.94,0.96,106.0,1075,0.30445031494140623,689.2999877929688,0.08493150684931507,0.045
590.0,2026-03-31,1.025,put,1.02,1.03,105.0,80527,0.2978585839843749,689.2999877929688,0.08493150684931507,0.045
595.0,2026-03-31,1.13,put,1.12,1.14,777.0,5487,0.2902903002929687,689.2999877929688,0.08493150684931507,0.045
600.0,2026-03-31,1.245,put,1.24,1.25,407.0,25269,0.2820506365966796,689.2999877929688,0.08493150684931507,0.045
605.0,2026-03-31,1.38,put,1.37,1.39,51.0,7240,0.2745433874511719,689.2999877929688,0.08493150684931507,0.045
610.0,2026-03-31,1.54,put,1.53,1.55,422.0,2680,0.26709717285156254,689.2999877929688,0.08493150684931507,0.045
615.0,2026-03-31,1.72,put,1.71,1.73,362.0,3187,0.25952888916015626,689.2999877929688,0.08493150684931507,0.045
620.0,2026-03-31,1.93,put,1.92,1.94,726.0,9010,0.25214370910644535,689.2999877929688,0.08493150684931507,0.045
621.0,2026-03-31,1.98,put,1.97,1.99,182.0,689,0.25086198364257806,689.2999877929688,0.08493150684931507,0.045
622.0,2026-03-31,2.025,put,2.01,2.04,81.0,809,0.24945818908691403,689.2999877929688,0.08493150684931507,0.045
623.0,2026-03-31,2.0700000000000003,put,2.06,2.08,60.0,724,0.2477492218017578,689.2999877929688,0.08493150684931507,0.045
624.0,2026-03-31,2.12,put,2.11,2.13,39.0,857,0.2462843927001953,689.2999877929688,0.08493150684931507,0.045
625.0,2026-03-31,2.1799999999999997,put,2.17,2.19,239.0,6172,0.24506370178222658,689.2999877929688,0.08493150684931507,0.045
626.0,2026-03-31,2.2300000000000004,put,2.22,2.24,202.0,851,0.24353783813476562,689.2999877929688,0.08493150684931507,0.045
627.0,2026-03-31,2.2800000000000002,put,2.27,2.29,146.0,1193,0.24195093994140626,689.2999877929688,0.08493150684931507,0.045
628.0,2026-03-31,2.34,put,2.33,2.35,195.0,496,0.2406081799316406,689.2999877929688,0.08493150684931507,0.045
629.0,2026-03-31,2.4000000000000004,put,2.39,2.41,486.0,784,0.23920438537597655,689.2999877929688,0.08493150684931507,0.045
630.0,2026-03-31,2.46,put,2.45,2.47,1372.0,7594,0.237739556274414,689.2999877929688,0.08493150684931507,0.045
631.0,2026-03-31,2.5199999999999996,put,2.51,2.53,303.0,563,0.23627472717285153,689.2999877929688,0.08493150684931507,0.045
632.0,2026-03-31,2.58,put,2.57,2.59,288.0,472,0.23474886352539062,689.2999877929688,0.08493150684931507,0.045
633.0,2026-03-31,2.6500000000000004,put,2.64,2.66,320.0,1759,0.233406103515625,689.2999877929688,0.08493150684931507,0.045
634.0,2026-03-31,2.715,put,2.7,2.73,45.0,365,0.23206334350585936,689.2999877929688,0.08493150684931507,0.045
635.0,2026-03-31,2.7800000000000002,put,2.77,2.79,366.0,7392,0.23038489349365232,689.2999877929688,0.08493150684931507,0.045
636.0,2026-03-31,2.855,put,2.84,2.87,100.0,252,0.2291336853027344,689.2999877929688,0.08493150684931507,0.045
637.0,2026-03-31,2.925,put,2.91,2.94,276.0,2074,0.22763833892822266,689.2999877929688,0.08493150684931507,0.045
638.0,2026-03-31,3.0,put,2.99,3.01,232.0,905,0.2260819580078125,689.2999877929688,0.08493150684931507,0.045
639.0,2026-03-31,3.08,put,3.07,3.09,110.0,538,0.22467816345214842,689.2999877929688,0.08493150684931507,0.045
640.0,2026-03-31,3.16,put,3.15,3.17,892.0,11114,0.22321333435058593,689.2999877929688,0.08493150684931507,0.045
641.0,2026-03-31,3.24,put,3.23,3.25,195.0,552,0.2217485052490234,689.2999877929688,0.08493150684931507,0.045
642.0,2026-03-31,3.325,put,3.31,3.34,345.0,807,0.22040574523925777,689.2999877929688,0.08493150684931507,0.045
643.0,2026-03-31,3.41,put,3.4,3.42,227.0,517,0.21881884704589843,689.2999877929688,0.08493150684931507,0.045
644.0,2026-03-31,3.5,put,3.49,3.51,110.0,576,0.21735401794433595,689.2999877929688,0.08493150684931507,0.045
645.0,2026-03-31,3.59,put,3.58,3.6,655.0,3382,0.2158586715698242,689.2999877929688,0.08493150684931507,0.045
646.0,2026-03-31,3.6900000000000004,put,3.68,3.7,202.0,18642,0.21448539428710936,689.2999877929688,0.08493150684931507,0.045
647.0,2026-03-31,3.785,put,3.77,3.8,386.0,1168,0.2130815997314453,689.2999877929688,0.08493150684931507,0.045
648.0,2026-03-31,3.885,put,3.87,3.9,57.0,1389,0.21161677062988277,689.2999877929688,0.08493150684931507,0.045
649.0,2026-03-31,3.99,put,3.98,4.0,48.0,2532,0.21006038970947266,689.2999877929688,0.08493150684931507,0.045
650.0,2026-03-31,4.095000000000001,put,4.08,4.11,3482.0,15315,0.20865659515380852,689.2999877929688,0.08493150684931507,0.045
651.0,2026-03-31,4.205,put,4.19,4.22,123.0,528,0.20719176605224604,689.2999877929688,0.08493150684931507,0.045
652.0,2026-03-31,4.3149999999999995,put,4.3,4.33,40.0,10318,0.20563538513183593,689.2999877929688,0.08493150684931507,0.045
653.0,2026-03-31,4.43,put,4.42,4.44,136.0,447,0.20404848693847655,689.2999877929688,0.08493150684931507,0.045
654.0,2026-03-31,4.545,put,4.53,4.56,84.0,673,0.202583657836914,689.2999877929688,0.08493150684931507,0.045
655.0,2026-03-31,4.67,put,4.66,4.68,501.0,4215,0.2010272769165039,689.2999877929688,0.08493150684931507,0.045
656.0,2026-03-31,4.795,put,4.78,4.81,138.0,281,0.19959296508789062,689.2999877929688,0.08493150684931507,0.045
657.0,2026-03-31,4.925000000000001,put,4.91,4.94,212.0,594,0.1980671014404297,689.2999877929688,0.08493150684931507,0.045
658.0,2026-03-31,5.055,put,5.04,5.07,126.0,1569,0.1964802032470703,689.2999877929688,0.08493150684931507,0.045
659.0,2026-03-31,5.195,put,5.18,5.21,156.0,5205,0.19498485687255857,689.2999877929688,0.08493150684931507,0.045
660.0,2026-03-31,5.335,put,5.32,5.35,4992.0,10033,0.19342847595214846,689.2999877929688,0.08493150684931507,0.045
661.0,2026-03-31,5.475,put,5.46,5.49,104.0,294,0.19181106048583985,689.2999877929688,0.08493150684931507,0.045
662.0,2026-03-31,5.625,put,5.61,5.64,242.0,545,0.1902546795654297,689.2999877929688,0.08493150684931507,0.045
663.0,2026-03-31,5.775,put,5.76,5.79,228.0,1437,0.18863726409912107,689.2999877929688,0.08493150684931507,0.045
664.0,2026-03-31,5.9350000000000005,put,5.92,5.95,75.0,565,0.18708088317871097,689.2999877929688,0.08493150684931507,0.045
665.0,2026-03-31,6.095000000000001,put,6.08,6.11,1023.0,5682,0.1854634677124023,689.2999877929688,0.08493150684931507,0.045
666.0,2026-03-31,6.265000000000001,put,6.25,6.28,132.0,604,0.1839070867919922,689.2999877929688,0.08493150684931507,0.045
667.0,2026-03-31,6.4350000000000005,put,6.42,6.45,76.0,336,0.18225915405273438,689.2999877929688,0.08493150684931507,0.045
668.0,2026-03-31,6.615,put,6.6,6.63,313.0,6640,0.180672255859375,689.2999877929688,0.08493150684931507,0.045
669.0,2026-03-31,6.795,put,6.78,6.81,204.0,259,0.17899380584716795,689.2999877929688,0.08493150684931507,0.045
670.0,2026-03-31,6.984999999999999,put,6.97,7.0,1082.0,6958,0.17740690765380857,689.2999877929688,0.08493150684931507,0.045
671.0,2026-03-31,7.18,put,7.16,7.2,272.0,934,0.17582000946044923,689.2999877929688,0.08493150684931507,0.045
672.0,2026-03-31,7.380000000000001,put,7.36,7.4,128.0,1169,0.17417207672119145,689.2999877929688,0.08493150684931507,0.045
673.0,2026-03-31,7.585,put,7.57,7.6,373.0,658,0.17243259216308598,689.2999877929688,0.08493150684931507,0.045
674.0,2026-03-31,7.795,put,7.78,7.81,50.0,324,0.17072362487792972,689.2999877929688,0.08493150684931507,0.045
675.0,2026-03-31,8.015,put,8.0,8.03,853.0,5591,0.16904517486572268,689.2999877929688,0.08493150684931507,0.045
676.0,2026-03-31,8.245000000000001,put,8.23,8.26,93.0,704,0.16739724212646484,689.2999877929688,0.08493150684931507,0.045
677.0,2026-03-31,8.48,put,8.46,8.5,84.0,695,0.16577982666015628,689.2999877929688,0.08493150684931507,0.045
678.0,2026-03-31,8.719999999999999,put,8.7,8.74,32.0,684,0.16407085937500002,689.2999877929688,0.08493150684931507,0.045
679.0,2026-03-31,8.969999999999999,put,8.95,8.99,779.0,1535,0.16236189208984375,689.2999877929688,0.08493150684931507,0.045
680.0,2026-03-31,9.219999999999999,put,9.2,9.24,1770.0,5001,0.16053085571289064,689.2999877929688,0.08493150684931507,0.045
681.0,2026-03-31,9.49,put,9.47,9.51,89.0,874,0.1588524057006836,689.2999877929688,0.08493150684931507,0.045
682.0,2026-03-31,9.76,put,9.74,9.78,16.0,786,0.1570518865966797,689.2999877929688,0.08493150684931507,0.045
683.0,2026-03-31,10.045,put,10.02,10.07,34.0,1262,0.15537343658447267,689.2999877929688,0.08493150684931507,0.045
684.0,2026-03-31,10.34,put,10.32,10.36,711.0,622,0.15357291748046875,689.2999877929688,0.08493150684931507,0.045
685.0,2026-03-31,10.645,put,10.62,10.67,1670.0,10189,0.15189446746826174,689.2999877929688,0.08493150684931507,0.045
686.0,2026-03-31,10.955,put,10.93,10.98,336.0,979,0.1500634310913086,689.2999877929688,0.08493150684931507,0.045
687.0,2026-03-31,11.285,put,11.26,11.31,359.0,756,0.14835446380615236,689.2999877929688,0.08493150684931507,0.045
688.0,2026-03-31,11.625,put,11.6,11.65,2063.0,914,0.14661497924804687,689.2999877929688,0.08493150684931507,0.045
689.0,2026-03-31,11.965,put,11.94,11.99,556.0,733,0.1447229083251953,689.2999877929688,0.08493150684931507,0.045
690.0,2026-03-31,12.34,put,12.32,12.36,4935.0,3785,0.1430444583129883,689.2999877929688,0.08493150684931507,0.045
691.0,2026-03-31,12.705,put,12.68,12.73,381.0,1764,0.1411981632995606,689.2999877929688,0.08493150684931507,0.045
692.0,2026-03-31,13.094999999999999,put,13.07,13.12,252.0,842,0.1394281614685059,689.2999877929688,0.08493150684931507,0.045
693.0,2026-03-31,13.495000000000001,put,13.47,13.52,313.0,507,0.13761238372802737,689.2999877929688,0.08493150684931507,0.045
694.0,2026-03-31,13.995,put,13.62,14.37,30.0,817,0.14103031829833984,689.2999877929688,0.08493150684931507,0.045
695.0,2026-03-31,14.55,put,14.27,14.83,164.0,2357,0.1396112651062012,689.2999877929688,0.08493150684931507,0.045
696.0,2026-03-31,15.325000000000001,put,14.48,16.17,60.0,872,0.14870541244506835,689.2999877929688,0.08493150684931507,0.045
698.0,2026-03-31,16.265,put,15.4,17.13,8.0,404,0.14560790924072264,689.2999877929688,0.08493150684931507,0.045
699.0,2026-03-31,16.285,put,14.94,17.63,16.0,320,0.14405152832031248,689.2999877929688,0.08493150684931507,0.045
700.0,2026-03-31,16.810000000000002,put,15.46,18.16,279.0,1583,0.14267825103759768,689.2999877929688,0.08493150684931507,0.045
701.0,2026-03-31,17.355,put,16.0,18.71,13.0,292,0.14136600830078128,689.2999877929688,0.08493150684931507,0.045
703.0,2026-03-31,18.5,put,17.14,19.86,602.0,1309,0.1388330746459961,689.2999877929688,0.08493150684931507,0.045
710.0,2026-03-31,23.27,put,22.0,24.54,65.0,364,0.13272962005615235,689.2999877929688,0.08493150684931507,0.045
711.0,2026-03-31,23.89,put,22.49,25.29,26.0,36,0.1323023782348633,689.2999877929688,0.08493150684931507,0.045
715.0,2026-03-31,27.095,put,25.69,28.5,7.0,364,0.13218030914306644,689.2999877929688,0.08493150684931507,0.045
720.0,2026-03-31,31.235,put,30.07,32.4,22.0,62,0.12525288818359376,689.2999877929688,0.08493150684931507,0.045
721.0,2026-03-31,32.39,put,30.99,33.79,,10,0.1364222100830078,689.2999877929688,0.08493150684931507,0.045
722.0,2026-03-31,33.315,put,31.91,34.72,6.0,10,0.13776497009277344,689.2999877929688,0.08493150684931507,0.045
